pmid,title,abstract,publication_date,publication_date_source,journal,publication_type,pubmed_url,pmc_url,doi_url,full_text_url,full_text_sources,record_status,error,full_text_download_status,full_text_file,full_text_download_error
42704362,S100 Calcium-Binding Protein 16 (S100A16) Promotes Hepatic Stellate Cell Activation Via Erb-B2 Receptor Tyrosine Kinase 2 (ERBB2)-mediated Glycolysis to Facilitate Liver Fibrosis.,"Hepatic stellate cell (HSC) activation is a key mediator in hepatic fibrosis, with glycolysis serving a key regulatory function. S100 calcium-binding protein 16 (S100A16) has been associated with various pathologies; however, its function and underlying mechanisms in liver fibrosis remains elusive. This study aimed to elucidate the functional role of S100A16 in HSC activation and its interaction with Erb-B2 receptor tyrosine kinase 2 (ERBB2)-mediated glycolysis. Transforming growth factor-β1 (TGF-β1)-stimulated human liver stellate cells (LX2) and carbon tetrachloride (CCl4)-induced mice were used as in vitro and in vivo models, respectively. Cell proliferation and alpha-smooth muscle actin (α-SMA) expression were detected by Cell Counting Kit-8 (CCK-8) assay and immunofluorescence. Glycolysis was detected via measuring the extracellular acidification rate (ECAR), lactate production, glucose uptake, and glycolytic enzyme levels. Molecular interactions were analyzed through bioinformatics and co-immunoprecipitation. Liver injury and fibrosis were assessed using hematoxylin and eosin (H&E)/Masson staining. Expression of S100A16, ERBB2, and fibrosis markers were quantified using quantitative real-time PCR (qRT-PCR) and Western blot. S100A16 was upregulated in fibrotic liver tissues and TGF-β1-stimulated LX2 cells. TGF-β1 increased lactate production and glycolysis, whereas S100A16 knockdown produced the opposite effects. Additionally, TGF-β1 enhanced cell proliferation and upregulated α-SMA, Collagen 1, and Fibronectin levels, but these effects were attenuated by either S100A16 knockdown or glycolysis inhibition. S100A16 interacted with ERBB2 and promoted its expression. ERBB2 knockdown reduced TGF-β1-induced glycolysis and HSC activation, along with reduced cell proliferation, effects that were inhibited by S100A16 overexpression. Furthermore, S100A16 knockdown ameliorated CCl4-induced liver injury and fibrosis, decreased serum lactate levels, and reduced S100A16 and ERBB2 expression, thereby suppressing glycolysis. Collectively, S100A16 promotes HSC activation and liver fibrosis through ERBB2-mediated glycolysis, highlighting the S100A16-ERBB2-glycolysis axis as a potential therapeutic target.",2026,journal_pub_date,Cell biochemistry and function,Journal Article,https://pubmed.ncbi.nlm.nih.gov/42704362/,,https://doi.org/10.1002/cbf.70299,https://doi.org/10.1002/cbf.70299,DOI,success,,unavailable_no_pmc,,
42704332,Anatomical Leaf Self Expander®: A Novel Approach for Early Maxillary Expansion in Paediatric Patients.,"AIM: To describe the clinical management and outcomes of two paediatric patients with severe transverse maxillary deficiency treated with the Anatomical Leaf Self Expander®, a newly designed miniaturised Ni-Ti expander specifically conceived for early interceptive therapy.
BACKGROUND: Early maxillary expansion in the deciduous dentition can be challenging when the palatal vault is extremely narrow and conventional expansion screws are oversized for the available space. A compact, self-activating device may facilitate treatment while minimising discomfort and avoiding the need for patient compliance.
CASE REPORT: Two young patients in the complete deciduous dentition, both presenting posterior crossbite and signs of maxillary constriction, were treated using the Anatomical Leaf Self Expander® bonded to the second deciduous molars. The device provided continuous, calibrated forces without the need for manual activation. Both cases showed complete correction of crossbite, spontaneous alignment of the upper arch, and improvement in facial symmetry and occlusal relationships, with stable outcomes at follow-up.
CONCLUSION: The Anatomical Leaf Self Expander® offers a simple and effective approach for early transverse maxillary expansion in children with limited palatal space. Its compact design and self-activating mechanism allow predictable orthopaedic effects with minimal discomfort and no reliance on cooperation, making it a suitable first-line option for early interceptive treatment.",2026-09-01,article_date,European journal of paediatric dentistry,Journal Article,https://pubmed.ncbi.nlm.nih.gov/42704332/,,https://doi.org/10.23804/ejpd.2026.2660,https://doi.org/10.23804/ejpd.2026.2660,DOI,success,,unavailable_no_pmc,,
42704316,Prenatal diagnosis and genetic counseling of a de novo 10q11.22q11.23 duplication associated with a normal development at 12 months of age.,"BACKGROUND: Copy number variants are an important source of genomic variations, ranging from pathogenic to benign. The 10q11.22q11.23 region contains complex low-copy repeats that predispose to recurrent deletions and duplications via nonallelic homologous recombination. While some reports associate duplications of this region with developmental delay, intellectual disability, and autism spectrum disorders, emerging evidence suggests that such duplications may also be observed in phenotypically normal individuals, indicating incomplete penetrance and variable expressivity.
CASE PRESENTATION: A 35-year-old pregnant woman with an unremarkable obstetric history underwent amniocentesis at 20 weeks of gestation. Conventional karyotyping and copy number variation sequencing (CNV-seq) were performed. CNV-seq revealed a de novo 4.56 Mb duplication at 10q11.22q11.23. The duplication was classified as a variant of uncertain significance. After extensive genetic counseling, the parents elected to continue the pregnancy. At 40 weeks of gestation, a female infant was delivered by cesarean section with normal birth parameters. A comprehensive physical examination at birth revealed no abnormalities. At the 12-month follow-up, the infant demonstrated normal growth parameters and age-appropriate neurodevelopmental milestones, with no evidence of dysmorphic features, developmental delay, or other clinical concerns.
CONCLUSION: This report describes a prenatal case of a de novo 10q11.22q11.23 duplication with a normal development at 12 months of age. Our findings contribute to the growing body of literature suggesting that duplications in this pericentromeric region may exhibit incomplete penetrance and variable expressivity, and in some cases, may represent benign familial or de novo variants without apparent clinical consequences.",2026-09-01,article_date,Psychiatric genetics,Journal Article,https://pubmed.ncbi.nlm.nih.gov/42704316/,,https://doi.org/10.1097/YPG.0000000000000432,https://doi.org/10.1097/YPG.0000000000000432,DOI,success,,unavailable_no_pmc,,
42704313,Effects of Acute Low- and Moderate-Dose Alcohol on Chronic Disease-Related Biomarkers in Healthy Light and Heavy Drinkers.,"BACKGROUND: Alcohol consumption is a major contributor to global chronic disease, with growing evidence indicating health risks even at low levels of intake. However, mechanistic understanding of these risks relies heavily on preclinical models and observational data, leaving a critical gap in controlled experimental evidence regarding how alcohol perturbs human biological systems in vivo.
METHODS: The present study utilized plasma samples from a randomized, placebo-controlled trial to evaluate the effects of low-dose (0.35 g/kg) and moderate-dose (0.60 g/kg) alcohol on disease-relevant biomarkers in 32 healthy adults (mean age = 25.0 ± 3.8 years; 21 female/11 male), characterized by light (n = 15) or heavy (n = 17) drinking. This design enabled evaluation of effects across dose, timescale, and drinking history, as well as assessment of their interactions. Plasma was collected at prebeverage baseline and hourly for 4 h afterward. Immunoassays quantified 10 disease-related biomarkers: adiponectin, angiogenin, D-dimer, high-sensitivity C-reactive protein (hsCRP), Intercellular Adhesion Molecule-1 (ICAM-1), Lipocalin-2 (LCN2), Matrix Metalloproteinase-7 (MMP-7), Matrix Metalloproteinase-9 (MMP-9), soluble Receptor for Advanced Glycation End-products (sRAGE), and Triggering Receptor Expressed on Myeloid cells 2 (TREM2).
RESULTS: Main effects of group indicated that even in this young healthy sample, heavy drinking status was associated with higher levels of adiponectin, angiogenin, ICAM-1, LCN2, and sRAGE, a profile suggesting altered vascular and metabolic activity. Acute alcohol administration induced changes in sRAGE and hsCRP. Specifically, moderate-dose alcohol triggered an increase in the immunoglobulin sRAGE, which may reflect an acute compensatory response to inflammation and/or oxidative stress. Compared to placebo, hsCRP was lower in the low-dose alcohol condition; however, this finding should be interpreted in light of CRP biology. MMP-7, MMP-9, and LCN2 showed time-dependent fluctuations that were independent of experimental condition, highlighting the critical importance of placebo-controlled designs to account for diurnal/postprandial variation in immune biomarkers.
CONCLUSION: Findings provide translational evidence that alcohol is associated with multisystem biomarker changes relevant to chronic disease and that alcohol-related biomarker perturbations vary by dose and chronicity.",2026,journal_pub_date,"Alcohol, clinical & experimental research",Journal Article; Randomized Controlled Trial,https://pubmed.ncbi.nlm.nih.gov/42704313/,,https://doi.org/10.1111/acer.70362,https://doi.org/10.1111/acer.70362,DOI,success,,unavailable_no_pmc,,
42704312,A de novo 1.62 Mb deletion at 2q34 with nonpenetrant neurodevelopmental phenotype at 12 months.,"BACKGROUND: Interstitial deletions at chromosome 2q34 are rare and have been associated with a spectrum of neurodevelopmental disorders including intellectual disability, epilepsy, autism spectrum disorder, and behavioral abnormalities. The minimal critical region and penetrance of these deletions remain poorly defined. We report a de novo 1.62 Mb 2q34 deletion diagnosed prenatally, with a favorable short-term neurodevelopmental outcome, providing a counter example to the established pathogenic view.
MATERIALS AND METHODS: A 41-year-old primigravida woman underwent amniocentesis at 19 weeks of gestation. Copy number variation sequencing (CNV-seq) was performed on fetal amniotic fluid and parental peripheral blood samples. Serial prenatal ultrasounds and postnatal follow-up to 12 months of age were conducted.
RESULTS: CNV-seq revealed a de novo 1.62 Mb deletion at 2q34, encompassing three protein-coding genes: LANCL1, CPS1, and ERBB4. Parental validation confirmed the deletion as de novo. Prenatal ultrasounds were largely normal except for a mild, transient deceleration of head growth. The patient was delivered at term with no dysmorphic features. At 12 months of age, the infant showed no significant abnormalities in physical growth, motor milestones, or cognitive development. Head circumference had normalized to within the normal range.
CONCLUSION: This report describes a de novo 2q34 deletion involving ERBB4, a gene strongly linked to intellectual disability and epilepsy. However, the absence of any neurodevelopmental abnormalities at 12 months suggests that this deletion may exhibit incomplete penetrance and variable expressivity. This case highlights the complexity of genotype-phenotype correlation for ERBB4 haploinsufficiency and underscores the value of long-term follow-up.",2026-09-01,article_date,Psychiatric genetics,Journal Article,https://pubmed.ncbi.nlm.nih.gov/42704312/,,https://doi.org/10.1097/YPG.0000000000000431,https://doi.org/10.1097/YPG.0000000000000431,DOI,success,,unavailable_no_pmc,,
42704308,Classification of Alcohol Use Disorder With Explainable AI.,"BACKGROUND: The wide-ranging correlates (e.g., demographic, socioeconomic status [SES], brain, genetics) of alcohol use disorder (AUD) are typically characterized by small effects and studied in isolation. Novel multivariable nonlinear approaches may help characterize the multifaceted correlates of AUD and identify its strongest predictors.
METHOD: Here, using Gradient Boosted Machines (GBMs), we classify AUD in the UK Biobank (N = 12,178) from features (n = 440) within the following 5 domains: (1) demographic (n = 12), (2) socioeconomic status (n = 18), (3) non-substance mental health (n = 55), (4) non-alcohol substance involvement (n = 6), and (5) biological features (n = 342). We use Explainable Artificial Intelligence (xAI) to characterize each respective feature's contribution to model performance and its heterogeneity, as well as the extent to which features from each domain collectively contribute to model performance.
RESULTS: In an out-of-sample hold-out test set (n = 6089), our model classified lifetime AUD well (AUC = 0.80). Notably, feature importance analyses revealed that demographic (age, sex, income), substance use (ever smoke tobacco or ever use cannabis), and mental health questionnaires (social isolation) were most informative to classifying AUD. The gradient boosted machine significantly outperformed a linear model and implicated non-zero pairwise interactions among variables, suggesting potential heterogeneity of AUD presentation by income and sex. Further, incrementally incorporating neuroimaging and genetic data as features led to small but consistent improvement in classifying AUD, with small effect sizes distributed across a number of variables (0%-2% gain based on overall model classification). This suggests the continued importance of biological features in classifying AUD beyond psychological and demographic measures, though classification with single selected brain regions may be limited.
CONCLUSION: Multimodal multivariable approaches considering nonlinear relationships may improve our understanding of AUD correlates. Particularly, accounting for interactions with demographic factors and integrating information across biological features may enhance model performance.",2026,journal_pub_date,"Alcohol, clinical & experimental research",Journal Article,https://pubmed.ncbi.nlm.nih.gov/42704308/,,https://doi.org/10.1111/acer.70364,https://doi.org/10.1111/acer.70364,DOI,success,,unavailable_no_pmc,,
42704307,Trends in Well-Being and Opportunities to Support Caregivers of Individuals With Fetal Alcohol Spectrum Disorder Across the Lifespan.,"BACKGROUND: Caregivers of individuals with fetal alcohol spectrum disorder (FASD) experience unique challenges, stressors, and strengths, and there is growing understanding of the needs of these caregivers. However, less is known about how the broader caregiver context, including sociodemographic and ecological factors, may be associated with well-being.
METHODS: Data for this study were collected between 2021 and 2025, gathered at baseline as part of an ongoing international longitudinal survey about caregiver experiences and perspectives of raising people with FASD (N = 234). Information on sociodemographic factors, family characteristics, and caregiver well-being was analyzed.
RESULTS: Participants predominantly identified as women (95%) and had a mean age of 54 years (range 26-82); most (69%) were adoptive caregivers of children and adults with FASD and 67% were living in Canada. Family structure and composition varied across participants, and many caregivers reported financial challenges. Overall, caregivers reported high levels of stress and limited social support, along with strengths in their relationships with spouses/partners and relatives. Self-reported well-being was highest among parents who were retired, did not experience employment disruptions because of parenting responsibilities, cared for adults (as opposed to young children) with FASD, and had only one (as opposed to multiple) dependent(s) with FASD.
CONCLUSIONS: This study provides insight into broad contextual factors (i.e., employment status, life stage) that may influence well-being among caregivers of people with FASD. Understanding these factors can lead to more tailored and effective responses, interventions, and policies that support stability and thriving among caregivers, families, and communities of people with FASD.",2026,journal_pub_date,"Alcohol, clinical & experimental research",Journal Article,https://pubmed.ncbi.nlm.nih.gov/42704307/,,https://doi.org/10.1111/acer.70363,https://doi.org/10.1111/acer.70363,DOI,success,,unavailable_no_pmc,,
42704305,Cannabidiol and Alcohol Use Disorders: An Updated Review of Therapeutic Potential.,"Alcohol use disorder (AUD) is highly prevalent, yet current pharmacotherapies remain underutilized and demonstrate only modest efficacy. Cannabidiol (CBD) has emerged as a potential therapeutic option for numerous psychiatric conditions, including AUD. Three reviews published in 2019 examined the effects of CBD on alcohol-related outcomes, but conclusions were limited by the scarcity of clinical trials at that time. The clinical research and published literature have since expanded substantially, warranting an updated synthesis of the evidence. In this narrative review, we evaluate the current state of research on CBD as a pharmacotherapy for AUD. Despite strong preclinical evidence for CBD isolate reducing alcohol consumption, clinical trials have yielded largely null findings. Effects on alcohol craving and reward are inconsistent across human and preclinical studies. Initial evidence from observational studies suggests plant-derived CBD formulations including small amounts of THC and other cannabinoids may reduce alcohol consumption and craving, which warrants further investigation in a randomized, controlled trial. There is also growing preclinical evidence that CBD reduces symptoms of alcohol withdrawal and attenuates alcohol-induced liver disease and neurodegeneration; however, clinical evidence is limited in these domains. Several methodological considerations may account for these mixed findings. CBD has poor oral bioavailability, suggesting that alternative formulations and routes of administration may improve ecological validity and therapeutic potential. Future clinical trials should prioritize transparent reporting of cannabinoid content, including THC, as well as measurement of plasma CBD levels. Additionally, incorporating biobehavioral phenotyping approaches may help identify subgroups most likely to benefit from CBD. Overall, preclinical evidence supporting CBD as a treatment for AUD remains strong, while emerging human data are mixed. More rigorous and methodologically refined clinical trials are needed to clarify the potential therapeutic applications of CBD for AUD.",2026,journal_pub_date,"Alcohol, clinical & experimental research",Journal Article; Review,https://pubmed.ncbi.nlm.nih.gov/42704305/,,https://doi.org/10.1111/acer.70377,https://doi.org/10.1111/acer.70377,DOI,success,,unavailable_no_pmc,,
42704289,Metabolic Activation-Dependent Anti-Liver Cancer Activity and Organ-Specific Toxicity of Retrorsine From Fanhuncao (Jacobaea cannabifolia and J. litvinovii).,"Fanhuncao (Jacobaea cannabifolia and J. litvinovii) is a traditional Chinese herb with reported antitumor potential. Retrorsine, a pyrrolizidine alkaloid from Fanhuncao, requires CYP3A4‑mediated metabolic activation, but its dual outcomes (anti‑liver cancer efficacy vs. organ‑specific toxicity) remain unclear. To elucidate how CYP3A4-dependent activation of retrorsine drives both anti-liver cancer activity and organ-specific toxicity, and to identify differential cell death pathways in target organs. UPLC-HRMS profiled pyrrolizidine alkaloids in Fanhuncao. Cytotoxicity screening, molecular docking, and molecular dynamics identified retrorsine as the lead compound. Network pharmacology/toxicology predicted targets of dehydro-retrorsine. In vitro assays and Western blotting were performed on hepatoma cells. In vivo efficacy and toxicity were evaluated in H22 tumor-bearing mice. Retrorsine achieved significant tumor growth inhibition at high dose. Mechanistically, it simultaneously inhibited EGFR/PI3K/AKT/mTOR and NF-κB pathways while activating intrinsic mitochondrial apoptosis (altered Bax/Bcl-2, cytochrome c release, Caspase-9/3 activation). Retrorsine upregulated CYP3A4 in tumor cells, suggesting a potential self‑amplifying metabolic loop that requires further validation. However, this efficacy was accompanied by dose-dependent hepatorenal toxicity with organ-specific mechanisms: liver injury via oxidative stress and mitochondrial apoptosis; kidney injury via Caspase-3/GSDME-dependent pyroptosis. Retrorsine is a potent multi-target anti-liver cancer natural product, but its therapeutic window is narrowed by inseparable organ-specific toxicities (hepatic apoptosis vs. renal pyroptosis) arising from CYP3A4-dependent metabolic activation. Future decoupling strategies should focus on targeted delivery, structural modification, or combination therapies.",2026,journal_pub_date,Archiv der Pharmazie,Journal Article,https://pubmed.ncbi.nlm.nih.gov/42704289/,,https://doi.org/10.1002/ardp.70326,https://doi.org/10.1002/ardp.70326,DOI,success,,unavailable_no_pmc,,
42704272,scDiagnostics: systematic assessment of cell type annotation in single-cell transcriptomics data.,"Although cell type annotation has become an integral part of single-cell analysis workflows, the assessment of computational annotations remains challenging. Many annotation tools transfer labels from an annotated reference dataset to a new query dataset of interest, but blindly transferring labels from one dataset to another has its own set of challenges. Often enough there is no perfect alignment between datasets, especially when transferring annotations from a healthy reference atlas for the discovery of disease states. We present scDiagnostics, a new open-source software package that facilitates the detection of complex or ambiguous annotation cases that may otherwise go unnoticed, thus addressing a critical unmet need in current single-cell analysis workflows. scDiagnostics is equipped with novel diagnostic methods that are compatible with all major cell type annotation tools. We demonstrate that scDiagnostics reliably detects complex or conflicting annotations using both carefully designed simulated datasets and diverse real-world single-cell datasets. Our evaluation demonstrates that scDiagnostics reliably identifies misleading annotations that systematically distort downstream analysis and interpretation and that would otherwise remain undetected.",2026-09-01,journal_pub_date,Briefings in bioinformatics,Journal Article,https://pubmed.ncbi.nlm.nih.gov/42704272/,,https://doi.org/10.1093/bib/bbag496,https://doi.org/10.1093/bib/bbag496,DOI,success,,unavailable_no_pmc,,
42704271,"Dynamic multimodal survival prediction in multiple myeloma integrating gene expression, longitudinal laboratory measurements, and treatment history.","Prognostic stratification in multiple myeloma (MM) relies on staging systems fixed at diagnosis, discarding temporal information accumulated during treatment. We developed a dynamic multimodal framework that predicts residual overall survival from observation windows of 1-18 months post-diagnosis. The model integrates DeepInsight-transformed gene expression, longitudinal trajectories of 10 laboratory analytes, and treatment history through missingness-aware gated fusion. On the Multiple Myeloma Research Foundation (MMRF) cohort from the Relating Clinical Outcomes in Multiple Myeloma to Personal Assessment of Genetic Profile (CoMMpass) study (n = 752), five-fold-specific models trained on the development dataset achieved a mean concordance index (C-index) of 0.773 ± 0.024 and 1-year time-dependent area under the receiver operating characteristic curve (AUC) of 0.789 ± 0.021 on a common held-out CoMMpass validation split, outperforming the evaluated survival-learning baselines including DeepSurv, a Cox proportional hazards neural network, and random survival forests. Kaplan-Meier stratification showed significant separation at all primary landmarks (log-rank $P<.001$, hazard ratios 3.46-3.93). A distilled student model retaining only the DeepInsight gene expression representation and five baseline clinical features transferred to an independent microarray cohort (GSE24080, n = 507) without retraining, achieving a C-index of 0.672 and a time-dependent AUC at 1-year of 0.740, supporting cross-cohort transferability in a reduced-input setting. Interpretability analyses recovered ubiquitin-proteasome, endoplasmic reticulum (ER) stress, and Interferon Alpha Response signals consistent with established myeloma biology. These findings support the potential of dynamic multimodal modeling for longitudinal prognostic assessment in MM.",2026-09-01,journal_pub_date,Briefings in bioinformatics,Journal Article,https://pubmed.ncbi.nlm.nih.gov/42704271/,,https://doi.org/10.1093/bib/bbag475,https://doi.org/10.1093/bib/bbag475,DOI,success,,unavailable_no_pmc,,
42704270,CoMR: an integrative scoring pipeline for comprehensive mitochondrial proteome reconstruction across eukaryotes.,"Mitochondrial proteome reconstruction from eukaryotic sequence data typically relies on prediction of mitochondrial targeting signals (MTSs). However, MTS predictors are primarily trained on model organisms and may perform poorly in phylogenetically divergent lineages or in organisms with atypical or reduced targeting sequences. Accurate reconstruction therefore requires integration of complementary sources of evidence beyond targeting prediction alone. We developed Comprehensive Mitochondrial Reconstructor (CoMR), an integrative workflow that combines targeting prediction, curated homology searches, large-scale similarity searches, and automated phylogenetic analysis within a unified scoring framework. Benchmarking on the model yeast Saccharomyces cerevisiae yielded strong discriminatory performance [receiver operating characteristic (ROC)-area under the curve (AUC) = 0.92], exceeding standalone prediction with TargetP2, a predictor of N-terminal targeting peptides (ROC-AUC = 0.72). In the divergent anaerobic protist Paratrimastix pyriformis, CoMR maintained robust performance (ROC-AUC = 0.86) validated with an experimental proteome despite extreme class imbalance, achieving a precision-recall AUC of 0.183 (~78-fold enrichment over random expectation and ~10-fold improvement over TargetP2). Ablation analyses demonstrate that predictive performance is robust to individual evidence-layer removal, while overlap analyses showed that homology-based searches recovered candidates missed by targeting predictors, particularly in P. pyriformis. Overall, CoMR improves mitochondrial proteome reconstruction over targeting prediction alone and provides a reproducible workflow for predicting mitochondrial and mitochondrion-related organelle protein repertoires across eukaryotes to aid investigations of organelle evolution and proteome reduction.",2026-09-01,journal_pub_date,Briefings in bioinformatics,Journal Article,https://pubmed.ncbi.nlm.nih.gov/42704270/,,https://doi.org/10.1093/bib/bbag474,https://doi.org/10.1093/bib/bbag474,DOI,success,,unavailable_no_pmc,,
42704269,TL-HDMR: a transfer learning framework for advancing equitable causal inference reveals metabolic signatures of stroke across multiple ancestries.,"The limited genetic diversity in genome-wide association studies (GWAS) poses a significant challenge to the generalizability and equity of biomedical discoveries. Most causal inferences, particularly from high-dimensional phenomes (e.g. metabolomics), are primarily based on European populations, and their applicability to other ancestries remains uncertain. Traditional multivariable Mendelian randomization (MVMR) methods further struggle in high-dimensional and correlated settings due to collinearity and model instability. To bridge this gap, we present a two-step transfer learning framework for high-dimensional MR (TL-HDMR), designed to enhance causal exposure detection in understudied populations. Our approach leverages the Minimax Concave Penalty for asymptotically unbiased estimation amidst exposure correlations. Crucially, we introduce two novel pre-transfer procedures-HDMR.TSD for sourcing beneficial data and HDMR.PRESSO for filtering pleiotropic instruments-to ensure robust knowledge transfer. Extensive simulations demonstrated TL-HDMR's superior performance in ROC curves and mean absolute error over alternative methods. When applied to identify causal metabolites for stroke across multi-ancestry cohorts (European, East Asian, South Asian, and African), TL-HDMR successfully pinpointed both shared and ethnic-specific causal biomarkers, showcasing its unique capability for equitable causal inference. This work provides a powerful statistical tool that not only addresses critical methodological challenges but also promotes inclusivity and fairness in human health research.",2026-09-01,journal_pub_date,Briefings in bioinformatics,Journal Article,https://pubmed.ncbi.nlm.nih.gov/42704269/,,https://doi.org/10.1093/bib/bbag473,https://doi.org/10.1093/bib/bbag473,DOI,success,,unavailable_no_pmc,,
42704268,A flexible framework for robust and efficient Mendelian randomization with debiasing.,"Mendelian randomization (MR) has been widely used to infer causal relationships between exposures and outcomes in epidemiological studies. However, classical MR assumptions can be violated when genetic variants are associated with outcomes through pathways other than the exposure, leading to uncorrelated and/or correlated pleiotropy. Additionally, measurement error arising from the inherent uncertainty in summary statistics obtained from large-scale genome-wide association studies can introduce bias into the causal effect estimate. To address these issues, we develop a debiased mixture inverse variance weighting ($\mathsf{dmIVW}$) method with three major advantages. First, it is capable of simultaneously handling various types of pleiotropy and eliminating the bias caused by uncertainty. Second, it can guard against distortion caused by invalid genetic variants while effectively harnessing their information. Third, our unified framework facilitates a fair comparison and combination of a series of submodels, encompassing several popular MR methods as special cases. Through real data applications, the effectiveness and robustness of $\mathsf{dmIVW}$ in estimating the causal effects of risk factors on common diseases are demonstrated.",2026-09-01,journal_pub_date,Briefings in bioinformatics,Journal Article,https://pubmed.ncbi.nlm.nih.gov/42704268/,,https://doi.org/10.1093/bib/bbag468,https://doi.org/10.1093/bib/bbag468,DOI,success,,unavailable_no_pmc,,
42704267,"Decoding cell-cell communication in spatial transcriptomics: mechanistic insights, modeling constraints, and analytical caveats.","Cell-cell communication (CCC) is essential for maintaining tissue organization and driving biological progression, yet its inference from transcriptomic data has long been limited by the absence of spatial context. Advances in spatial transcriptomics (ST) now enable mechanistically grounded analyses of CCC by preserving the physical organization of cells and their microenvironments. In this review, we examine recent methodological developments in CCC inference from ST data, focusing on how statistical, optimal transport, and deep learning frameworks incorporate spatial information to model ligand-receptor (LR) interactions and downstream signaling. We also summarize key mechanism-driven components shared across spatial and non-spatial CCC approaches. In addition, we discuss how tissue heterogeneity and spatial architecture can introduce context-dependent biases, particularly for permutation-based inference, and outline mechanistic considerations such as LR biochemistry, signal transduction, and condition-specific communication. We further highlight databases that curate intercellular conduction and intracellular signaling processes. By integrating spatial constraints with biochemical and computational principles, this review offers an integrated assessment of the opportunities and limitations of current approaches. We conclude by identifying key methodological challenges and future directions for developing robust, scalable, and mechanistically interpretable CCC inference as ST technologies continue to advance.",2026-09-01,journal_pub_date,Briefings in bioinformatics,Journal Article; Review,https://pubmed.ncbi.nlm.nih.gov/42704267/,,https://doi.org/10.1093/bib/bbag477,https://doi.org/10.1093/bib/bbag477,DOI,success,,unavailable_no_pmc,,
42704266,Interpretable deep neural network identifies robust biomarkers for diseases with mechanistic insights from omics data.,"Identifying essential biomarkers remains a core challenge in elucidating the pathogenic mechanisms and achieving precise diagnosis of complex diseases. Deep neural networks offer immense predictive power, yet their lack of interpretability severely limits downstream biological insight. Here, we introduce DeepVaris, an explainable deep learning framework that reframes feature selection as the interpretation of a pretrained convolutional neural network via surrogate modeling. In extensive simulations and real-world datasets, DeepVaris successfully identifies important features and reveals deeper insight into different diseases. Specifically, it overcomes extreme feature sparsity to identify crucial microbial biomarkers in preterm birth pregnancies. In single-cell RNA sequencing data, it reveals key transcriptional drivers governing myelin regeneration in neurodegenerative diseases missed by traditional differential expression analysis. Furthermore, in complex breast cancer cohorts, DeepVaris moves beyond generic pan-cancer signals to precise subtype-specific microenvironmental targets. In summary, we believe that DeepVaris will serve as a robust tool for biomarker discovery.",2026-09-01,journal_pub_date,Briefings in bioinformatics,Journal Article,https://pubmed.ncbi.nlm.nih.gov/42704266/,,https://doi.org/10.1093/bib/bbag476,https://doi.org/10.1093/bib/bbag476,DOI,success,,unavailable_no_pmc,,
42704265,GiGCN: a network-based framework for uncovering synthetic lethal and viable genetic interactions.,"Genetic interactions (GIs) underpin the functional connectivity of genes and pathways, and are important for dissecting genotype-phenotype relationships and identifying therapeutic targets for diseases. However, the scale of the human genome restricts systematic experimental interrogation of GIs. Existing computational tools focus on predicting synthetic lethality (SL) and synthetic viability (SV), the two primary forms of GIs, yet their accuracy and biological interpretability are compromised by inadequate modeling of the molecular mechanisms behind positive and negative interactions, as well as the limitation of negative samples. To overcome these challenges, we developed Genetic Interaction Graph Convolutional Network (GiGCN), a signed network modeling framework for the joint identification of gene pairs with SL and SV. We built a high-confidence signed genetic network by integrating verified GIs, and non-interacting gene pairs, together with gene semantic similarity derived from biological processes. By leveraging disentangled subspace decomposition, this framework separately models distinct functional dimensions within gene networks, enabling robust representation of context-dependent regulatory relationships and accurate discrimination of SL and SV events. Benchmark experiments demonstrate that GiGCN outperforms state-of-the-art approaches (area under receiver operating-characteristic curve: 0.978, and area under precision-recall curve: 0.944). Further analyses reveal biologically meaningful insights, including known and novel SL interactions centered on the oncogene MYC Proto-Oncogene (MYC), as well as SV interactions linked to autophagy and mitophagy pathways. This study provides a robust and interpretable network-based strategy for systematically exploring GIs. The GiGCN framework not only improves the precision of SL and SV prediction, but also offers mechanistic insights into gene functional relationships, thereby supporting the discovery of actionable therapeutic targets for cancer and other human diseases.",2026-09-01,journal_pub_date,Briefings in bioinformatics,Journal Article,https://pubmed.ncbi.nlm.nih.gov/42704265/,,https://doi.org/10.1093/bib/bbag470,https://doi.org/10.1093/bib/bbag470,DOI,success,,unavailable_no_pmc,,
42704264,CAREPath: semantic context-aware reasoning paths with mechanism-augmented embeddings for drug repurposing.,"Biomedical knowledge graphs that include drugs, genes, and diseases support drug repurposing by connecting drugs to diseases through gene-mediated multi-hop paths, thereby enabling mechanism-of-action reasoning. However, deeper traversal does not necessarily improve mechanistic reasoning: long paths grow combinatorially and frequently pass through hub genes, producing irrelevant gene regulatory signals, whereas overly constrained or sparse paths may miss broader biological context. We propose Context-Aware REasoning Path (CAREPath), a knowledge graph (KG)-large language model framework inspired by depth-search and breadth-search reasoning to balance mechanistic specificity, scalability, and context recovery. The depth-search strategy constrains traversal to short disease-gene-drug paths, converts each path into a structured prompt, and encodes it with a biomedical language model to generate semantic path embeddings. Complementarily, the breadth-search strategy constructs entity-level mechanism-context embeddings from one-hop gene neighborhoods and enriches them through similarity-guided augmentation using pharmacologically related drugs and gene-signature-similar diseases. Across five biomedical KGs, CAREPath achieves the best area under the precision-recall curve (AUPRC) in the disease cold-start setting among 18 baselines, improving performance by up to 3.6%. Additional analyses show that semantic short-path encoding contributes most to performance, while mechanism-context augmentation improves robustness under sparse path signals and strengthens gene ontology functional agreement. Case studies and recently U.S. Food and Drug Administration (FDA)-approved indications further demonstrate its practical relevance, positioning CAREPath as a framework that supplies interpretable mechanistic rationales where constrained path is available, while remaining robust when it is not. Source code is available at https://github.com/hamppy-song/CAREPath.",2026-09-01,journal_pub_date,Briefings in bioinformatics,Journal Article,https://pubmed.ncbi.nlm.nih.gov/42704264/,,https://doi.org/10.1093/bib/bbag472,https://doi.org/10.1093/bib/bbag472,DOI,success,,unavailable_no_pmc,,
42704258,Preserved intrinsic neural timescale organization with hierarchical variation in autism spectrum disorder.,"Intrinsic neural timescales (INTs) index the temporal decay of neural activity and form a hierarchy from fast sensorimotor to slow transmodal regions. Although altered INTs have been reported in autism spectrum disorder (ASD), it remains unclear whether this hierarchical organization is preserved and how individual variability along it relates to sensory traits. Using resting-state fMRI from 182 participants (67 ASD, 115 typically developed controls [TDC]), we estimated INTs from the autocorrelation half-life and averaged them across four runs. The cortical INT hierarchy was preserved in ASD, with comparable sensorimotor-to-transmodal organization across groups. Regions operating at longer timescales exhibited relative prolongation in ASD, with effect size increasing along the hierarchy. However, no statistically significant group differences were identified at any spatial resolution examined. To characterize individual INT profiles relative to a TDC-derived template, we decomposed each participant's profile into global shift, hierarchical scaling, and residual deviation components. Global shifts and hierarchical scaling were associated with demographic variation (primarily sex) rather than diagnosis, whereas residual deviations showed a modest association with sensory traits characterized by reduced sensory registration. These findings indicate that large-scale temporal organization is largely preserved in ASD, while individual-specific deviations from this hierarchy may underlie variability in sensory experience.",2026-09-01,journal_pub_date,"Cerebral cortex (New York, N.Y. : 1991)",Journal Article,https://pubmed.ncbi.nlm.nih.gov/42704258/,,https://doi.org/10.1093/cercor/bhag121,https://doi.org/10.1093/cercor/bhag121,DOI,success,,unavailable_no_pmc,,
42704253,Development and evaluation of lecithin-based andrographolide liposomal nanoparticles: pharmacokinetics and anti-inflammatory activity in a mouse model of house dust mite-induced allergic lung inflammation.,"OBJECTIVES: This study aimed to develop, characterize, and evaluate the efficacy of a soy lecithin-based formulation of AGP (Lipo-AGP) in Balb/c.
METHODS: Lipo-AGP was formulated using thin-film hydration. The formulation was characterized, followed by pharmacokinetic evaluation. A 14-day house dust mite (HDM)-induced lung inflammation model in BALB/c mice was used, comprising sensitization and challenge phases. Bronchoalveolar lavage (BAL) fluid cell analysis, cytokine assays, gene expression, lung histology, serum HDM-specific IgE, and immunoblotting were evaluated.
KEY FINDINGS: The optimized Lipo-AGP formulation demonstrated a vesicle size of 178.9 ± 20.78 nm, a zeta potential of -27.73 ± 1.02 mV, and a PDI of 0.28 ± 0.001, alongside a high entrapment efficiency of 95.67 ± 1.78%. Stability analysis at 4°C and 25°C for 6 months did not show degradation. In vivo pharmacokinetics studies revealed that Lipo-AGP achieved a 1.5-fold improvement in both the rate and extent of AGP absorption compared to free AGP. Lipo-AGP exhibited a dose-dependent decrease in HDM-induced pulmonary cell infiltration, mucus hypersecretion, collagen deposition, and inhibition of nuclear NF-κB p65. These results suggest that Lipo-AGP exerts protective effects against HDM-induced lung inflammation, through inhibition of NF-κB signalling.
CONCLUSIONS: Liposomal nanocarrier represents a potential strategy to deliver the lipophilic compounds, AGP for improved pharmacokinetics profile and efficacy.",2026-09-01,journal_pub_date,The Journal of pharmacy and pharmacology,Journal Article,https://pubmed.ncbi.nlm.nih.gov/42704253/,,https://doi.org/10.1093/jpp/rgag099,https://doi.org/10.1093/jpp/rgag099,DOI,success,,unavailable_no_pmc,,
42704241,Aggressive conflict used as landmark information in homing desert ants.,"Across many species of the animal kingdom, the ability to navigate long distances is important for securing food and other resources. For example, ants, bees and rats have long been known to use path integration, a mechanism to integrate distance and direction travelled, to find their way back to their nest. However, path integration is imperfect, and errors accumulate over time as animals forage. There are several ways to counteract this uncertainty, for example by utilizing local olfactory or visual landmarks along a familiar route to infer an individual's position relative to its nest, i.e. its homing vector. Local landmarks are thought to be effective if they are constant, granting a strong association with the discrete location at which they are located. Here, we showed that ants can utilize something much sparser and more distributed than an individual constant landmark to inform its homing vector. Our data suggest that Tunisian desert ants integrate intraspecific contact, or social cues, to augment navigation. Although exposing homing ants that arrive at their expected nest position to colony members has no effect on their subsequent nest-search behaviour, contact with foreign conspecifics at a position where the nest is expected diminishes path integration certainty, thereby expanding the nest search pattern. Furthermore, we showed that ants form associations between intraspecific conflict and discrete locations to create so-called local vectors, within which the homing path to the nest can be stored. Apparently, ants remember aggressive interactions and take them into account when navigating.",2026-09-07,article_date,The Journal of experimental biology,Journal Article,https://pubmed.ncbi.nlm.nih.gov/42704241/,,https://doi.org/10.1242/jeb.252859,https://doi.org/10.1242/jeb.252859,DOI,success,,unavailable_no_pmc,,
42704230,Cortical Contributions to Attentional Orienting and Response Cancellation in Action Stopping.,"Action cancellation involves the termination of planned or ongoing movement, likely initiated in the cortex by the pre-supplementary motor area (preSMA) and inferior frontal gyrus (IFG). It is frequently examined using the stop-signal task; electromyography (EMG) studies have shown action cancellation (in stop trials) can involve the partial activation of the responding muscles, which does not result in an overt behavioral response. The neural correlates of these partial responses are not well understood. Here, we combined functional near-infrared spectroscopy (fNIRS) and EMG to examine the neural correlates of terminated actions (partial responses) in a response- and stimulus-selective stop signal task, controlling for attentional confounds by comparing neural activity in stop and ignore trials. fNIRS analyses revealed increased preSMA activity in successful stop compared to ignore trials, but no such differences in the IFG, consistent with postulations that the preSMA is involved uniquely in action cancellation, while the IFG responds generically to unexpected stimuli. Critically, preSMA activity was greater in trials without partial muscle activation, potentially due to proactive inhibitory processes pre-emptively suppressing motor output in these trials. These findings advance understanding of some of the neurophysiological dynamics involved in action cancellation and highlight the utility of combining fNIRS with EMG in this domain.",2026,journal_pub_date,Psychophysiology,Journal Article,https://pubmed.ncbi.nlm.nih.gov/42704230/,,https://doi.org/10.1111/psyp.70397,https://doi.org/10.1111/psyp.70397,DOI,success,,unavailable_no_pmc,,
42704222,"Individualized nutritional intervention combined with tailored resistance exercise in hospitalized frail older adults: A prospective, single-arm pilot before-and-after study.","ObjectiveTo evaluate the preliminary effects of a screening-guided, individualized nutritional intervention combined with tailored resistance exercise on nutritional status, physical function, and frailty in hospitalized frail older adults and explore baseline factors associated with response magnitude.MethodsThis prospective, single-arm pilot before-and-after study enrolled 120 hospitalized frail older adults (mean age: 87.03 ± 5.65 years). Nutritional status was stratified using the Mini Nutritional Assessment-Short Form (MNA-SF). Patients at a risk of malnutrition or those with malnutrition (MNA-SF score ≤ 11) received individualized oral nutritional supplementation, whereas well-nourished patients (MNA-SF score ≥ 12) underwent weekly monitoring. Resistance exercise included standardized Theraband training, performed 3 times weekly for 20-30 min, with intensity individualized using the Borg Rating of Perceived Exertion. Outcomes were assessed at baseline and after 12 weeks. The minimal clinically important difference (MCID) for Short Physical Performance Battery (SPPB) was defined as an improvement of ≥1 point. Baseline factors associated with SPPB MCID achievement were analyzed using multivariate logistic regression.ResultsCompared with baseline, significant within-group changes were observed in serum transferrin, prealbumin, and albumin levels as well as MNA-SF scores (all p < 0.05). Significant within-group changes were also observed in SPPB, performance-oriented mobility assessment, activities of daily living, and instrumental activities of daily living scores; grip strength; and gait speed (all p < 0.05). In multivariate analysis, SPPB MCID achievement was associated with higher baseline educational level (adjusted odds ratio: 1.962, 95% confidence interval: 1.060-3.634, p = 0.032) and lower baseline performance-oriented mobility assessment score (adjusted odds ratio: 1.808, 95% confidence interval: 1.076-3.039, p = 0.025).ConclusionIn this single-arm pilot study, a screening-guided, individualized nutritional intervention combined with tailored resistance exercise was associated with within-group changes in nutritional status and physical function in hospitalized frail older adults. Higher educational level and lower baseline mobility function were associated with greater magnitude of response.",2026-09-07,article_date,The Journal of international medical research,Journal Article,https://pubmed.ncbi.nlm.nih.gov/42704222/,,https://doi.org/10.1177/03000605261484797,https://doi.org/10.1177/03000605261484797,DOI,success,,unavailable_no_pmc,,
42704209,Immune Checkpoint Inhibitor-Induced Pancreatitis.,"The increasing use of immune checkpoint inhibitors (ICI) has led to recognition of a broad spectrum of treatment-associated inflammatory adverse events, including pancreatic injury. Histological overlap between ICI associated pancreatic injury (ICIPI) and so-called autoimmune pancreatitis (AIP) has been suggested in isolated reports, but the extent and detailed histopathological features of this overlap remain poorly characterized. The aim of this study was to describe the clinicopathological and histological features of rare ICIPI cases with available tissues and to compare these findings with established histological patterns of AIP. Data were available for five cases. All patients except one were female. ICIPI occurred between 182-580 days after initiation of ICI therapy. All patients had received a combination ICI treatment (e.g., Ipilimumab + Nivolumab). Peak serum lipase levels ranged from 4 to 41 (µkat/L). Computed tomography demonstrated radiologic features consistent with autoimmune pancreatitis (AIP) in four cases, whereas one case raised suspicion of a metastatic lesion. Three patients were treated with steroids, following which pancreatitis (lipase and imaging) resolved. Two patients developed pancreatic atrophy or exocrine insufficiency. Two patients underwent surgical resection because of suspected cancer metastasis. Fine needle biopsy showed only nonspecific atrophy and mild chronic inflammation. In contrast, both surgical specimens demonstrated marked histological overlap with type 2 AIP, including duct-centric inflammatory changes and granulocytic epithelial lesions, whereas increased IgG4-positive plasma cells or other features characteristic of type 1 AIP were not identified. Our results, together with the limited published literature, suggest that ICIPI may encompass a heterogeneous spectrum of histological changes, with substantial overlap with type 2 AIP in a subset of cases. Recognition of these overlapping features is important in the histopathological diagnosis of pancreatic inflammatory lesions in patients receiving ICI therapy. Treatment of ICIPI should follow NCCN recommendations. The risk of developing a pancreatic exocrine insufficiency needs to be observed.",2026,journal_pub_date,United European gastroenterology journal,Journal Article; Case Reports,https://pubmed.ncbi.nlm.nih.gov/42704209/,,https://doi.org/10.1002/ueg2.70285,https://doi.org/10.1002/ueg2.70285,DOI,success,,unavailable_no_pmc,,
42704207,"Genetic Variation and Evolutionary Characteristics of Coxsackievirus B1: F3 Subtype Associated With Hand, Foot and Mouth Disease in China.","Coxsackievirus B1 (CV-B1) is primarily associated with meningitis but can also cause localized outbreaks of hand, foot, and mouth disease (HFMD). This study analyzed the genetic diversity of the VP1 gene in 39 strains of the CVB1 virus isolated from HFMD children across 15 provinces in China between 2010 and 2024, as well as 179 strains from 17 countries. Based on the average nucleotide difference of VP1 gene, we classified CVB1 virus into six genotypes A to F, Notably, genotype F is newly classified. Since 2010, genotype F guadually replaced genotype E as the dominant genotype in China and has further subdivided into three subtypes: F1, F2, and F3, with F3 being the most prevalent subtype in China currently. We specifically study the mild and severe cases within the F3 subtype. Temperature-sensitivity experiments revealed no differences between mild and severe cases of the F3 subtype, and they all belong to temperature-sensitive strains. Interestingly, we found that mild cases of the F3 subtype did not involve recombination, whereas all severe cases of the F3 subtype showed recombination with Coxsackievirus B4 (CVB4). CVB4 has consistently been the primary pathogen responsible for severe neonatal illnesses, suggesting that recombination between the F3 subtype and CVB4 may be associated with the development of severe HFMD. These findings provide fundamental scientific data for further investigation into the epidemiology and genetic characteristics of variants of Coxsackievirus B1 in China.",2026,journal_pub_date,Journal of medical virology,Journal Article,https://pubmed.ncbi.nlm.nih.gov/42704207/,,https://doi.org/10.1002/jmv.71135,https://doi.org/10.1002/jmv.71135,DOI,success,,unavailable_no_pmc,,
42704143,Mapping Scandinavian Hospital-at-Home Organisations and Interventions for Patients With Acute Somatic Illness-A Scoping Review.,"INTRODUCTION: Hospital-at-Home (HaH) has been implemented in several countries. However, HaH interventions vary depending on organisational structures and target populations. In Denmark, Norway, and Sweden, HaH is offered in selected regions and municipalities, often as pilot or quality projects. Currently, there are no guidelines or systematic overviews of Scandinavian HaH models.
AIM: This review aims to map published research that describes Scandinavian HaH organisations, interventions, and patient characteristics for acute somatic illness.
METHODS: In this scoping review, papers were identified through a systematic search of Medline, Embase, and CENTRAL, supplemented by a grey literature search. Eligible studies focused on Scandinavian adults (≥ 18 years) with acute somatic illness requiring initial contact with an emergency department (< 24 h), out-of-hours doctor, or a general practitioner. Exclusions criteria were early discharge care, post-discharge care, self-monitoring or single health care contacts. Two researchers screened studies in a two-step process.
RESULTS: Ten studies met the inclusion criteria. Three primary HaH models were identified: (1) municipal acute nursing teams collaborating with general practitioners (GPs) and hospital physicians or municipal mobile acute care with physicians, (2) hospital-affiliated emergency department (ED) teams providing mobile acute care, and (3) specialised acute units integrating virtual and in-person health care. Common interventions included intravenous therapy, point-of-care diagnostics, clinical monitoring and digital consultations. The majority of HaH patients were older adults with multiple chronic conditions, commonly treated for infections, dehydration, or exacerbations of chronic diseases.
CONCLUSION: Scandinavian HaH can be categorised into three models. The primary distinction between the models lies in the organisational affiliation of the nursing teams, which plays a pivotal role in defining the care structure.",2026,journal_pub_date,Scandinavian journal of caring sciences,Journal Article; Scoping Review; Review,https://pubmed.ncbi.nlm.nih.gov/42704143/,,https://doi.org/10.1111/scs.70312,https://doi.org/10.1111/scs.70312,DOI,success,,unavailable_no_pmc,,
42704118,Net Renal Drug Secretion Critically Requires Significant Contribution of Basal Uptake Transporters: Perspective From Mechanistic Kidney Model Simulation and Integration of Clinical and In Vitro Data.,"Renal clearance (CLr) is the net outcome of glomerular filtration, secretion, and reabsorption, which makes the quantitative requirements for net renal secretion difficult to infer from simple clearance models. Using a mechanistic kidney model (MechKiM), we simulated blood-referenced CLr (CLr,b) for 30,000 virtual drugs (neutral, monoanionic, and monocationic) under continuous infusion and across all eight combinations of three proximal-tubule transporters (basal uptake, basal efflux, apical efflux). Net renal secretion (clearance ratio CR = CLr,b/(fu,b × GFR) > 1.5, where fu,b and GFR are the unbound fraction in blood and the glomerular filtration rate) occurred only when basal uptake transport was present; apical efflux alone produced proximal secretion that was offset by downstream reabsorption, yielding no net secretion. In the scenario where all three transporters were present within the MechKiM framework, five quantitative criteria distinguished secretion-type drugs, including basal transporter-mediated uptake (> 4.2 L/h) and its fractional contribution to total basal uptake (> 94% for non-cationic compounds). Clinical CLr,p (plasma-referenced CLr) versus in vitro uptake-transporter data (n = 217) and published MechKiM-PBPK models (n = 19, typically assigning > 99% of basal uptake to transporters) were consistent with these findings. A sufficient contribution of basal uptake transporters in the proximal tubule is essential for observing net renal secretion. This study provides quantitative, in vitro-translatable criteria to anticipate renal secretion and transporter-mediated drug-drug interaction liability.",2026,journal_pub_date,CPT: pharmacometrics & systems pharmacology,Journal Article,https://pubmed.ncbi.nlm.nih.gov/42704118/,,https://doi.org/10.1002/psp4.70336,https://doi.org/10.1002/psp4.70336,DOI,success,,unavailable_no_pmc,,
42704116,SlBBX19 modulates plant development and negatively regulates chilling tolerance in tomato.,"Chilling stress severely restricts tomato cultivation and productivity, yet the mechanisms by which a single regulator integrates photosynthetic efficiency, developmental progression, and chilling tolerance remain to be elucidated. Here, we characterized SlBBX19, a chilling-inducible B-box transcription factor in tomato (Solanum lycopersicum). SlBBX19 is nucleus-localized, functions as a negative regulator of vegetative growth and photosynthetic capacity under normal conditions, while simultaneously promoting fruit ripening and suppressing inflorescence branching. Under chilling stress, SlBBX19 acts as a negative regulator of chilling tolerance: overexpression exacerbates reactive oxygen species (ROS) accumulation, membrane damage, and suppresses COR pathway activation, whereas knockout lines exhibit enhanced chilling resistance. Transcriptomic and molecular analyses reveal that SlBBX19 directly binds to G-box elements in the promoters of light-harvesting chlorophyll a/b-binding genes SlLhcb2.2 and SlLhca4.1 to repress their transcription. Virus-induced gene silencing of these targets recapitulated the overexpression phenotypes, confirming that SlBBX19 compromises photosynthetic efficiency and chilling tolerance primarily through SlLhc downregulation. Collectively, our findings establish SlBBX19 as a key integrator of development and environmental acclimation, revealing a novel regulatory module that links photosynthetic antenna dynamics to chilling stress adaptation. This work may provide a promising genetic target for engineering chilling-tolerant and physiologically optimized tomato varieties.",2026,journal_pub_date,The Plant journal : for cell and molecular biology,Journal Article,https://pubmed.ncbi.nlm.nih.gov/42704116/,,https://doi.org/10.1111/tpj.71099,https://doi.org/10.1111/tpj.71099,DOI,success,,unavailable_no_pmc,,
42704109,Elucidating the transformative role of large language models in advancing anesthesiology education.,"This narrative review synthesizes evidence published from 2020 to 2026 on the implementation and educational impact of large language models in anesthesiology training, following the Scale for the Assessment of Narrative Review Articles guidelines. We outline core technical attributes of large language models and identify four validated anesthesiology-specific use cases: standardized learning resource generation, clinical scenario simulation, personalized remediation of knowledge gaps, and automated assessment tool development. Current evidence suggests that these applications improve trainee knowledge scores and reduce faculty workload. Key deployment barriers include the risk of hallucination in high-stakes anesthesia content and potential overreliance on large language models, which may impair independent clinical reasoning. We propose targeted mitigation strategies and a forward-looking research agenda for structured large language model integration. Our analysis confirms that large language models are high-value enabling tools for anesthesiology education and require intentional, guideline-aligned integration to maximize synergies.",2026-09-07,article_date,The Journal of international medical research,Journal Article; Review,https://pubmed.ncbi.nlm.nih.gov/42704109/,,https://doi.org/10.1177/03000605261483195,https://doi.org/10.1177/03000605261483195,DOI,success,,unavailable_no_pmc,,
42704104,An adjunctive dermocosmetic regimen improves clinical outcomes and tolerability in Japanese patients on topical acne therapy: A real-world observational study.,"ObjectiveA real-world observational study was conducted to evaluate the effectiveness, safety, and tolerability of an adjunctive dermocosmetic regimen in topical acne therapy.MethodsFifty Japanese patients who had been undergoing topical prescription treatment for >4 weeks adjunctively used two dermocosmetic products, a facial cleanser and moisturizer cream for 3 months.ResultsThe Global Evaluation Acne scale score, sebum production, skin findings, subjective symptoms, and patient quality of life were significantly improved after 3 months dermocosmetics of use. Tolerability for the dermocosmetics use was rated as ""well-tolerated"" or ""tolerated"" by 75.5% of physicians and 73.5% of patients. Satisfaction with dermocosmetics use was high, with 87.5% of physicians and 92.0% of patients rating their satisfaction level as ""very satisfied"" or ""satisfied."" Most patients (86.0%) agreed or strongly agreed that they preferred using the study dermocosmetics over their previous cosmetics. Furthermore, 70.0% and 72.0% of the patients agreed that the dermocosmetic facial cleanser and moisturizing cream, respectively, improved the tolerability of their acne treatment.ConclusionsThese findings suggest that the dermocosmetic regimen involving the use of a facial cleanser and moisturizing cream, when used in combination with topical prescription drugs is beneficial, well-tolerated, and acceptable among patients for the treatment of acne in real-world routine clinical practice in Japan.",2026-09-07,article_date,The Journal of international medical research,Journal Article; Observational Study,https://pubmed.ncbi.nlm.nih.gov/42704104/,,https://doi.org/10.1177/03000605261479490,https://doi.org/10.1177/03000605261479490,DOI,success,,unavailable_no_pmc,,
42704102,Impact of hematologic disorders on decline in hemoglobin levels after total hip arthroplasty.,"ObjectiveBlood loss and postoperative anemia are common complications following total hip arthroplasty. Patients with hematologic disorders are at an increased risk of perioperative complications, especially those related to bleeding. This study aimed to investigate the impact of hematologic disorders on blood loss after total hip arthroplasty.MethodsThis single-center, matched retrospective cohort study included 64 patients who had undergone unilateral total hip arthroplasty for osteonecrosis of the femoral head. Patients were allocated in a 1:1 matched design to a control or a hematologic disorders group. Primary outcomes included postoperative red blood cell count, hemoglobin level, reductions in red blood cell count and hemoglobin level, postoperative drainage volume, transfusion rate, and estimated blood loss. Secondary outcomes comprised postoperative white blood cell and platelet counts, maximum perioperative changes, operative duration, length of hospital stay, and the incidence of lower-extremity deep venous thrombosis.ResultsPostoperative red blood cell counts and hemoglobin levels were significantly lower in the hematologic disorders group, and reduction in both parameters was more pronounced in this cohort. The rate of blood transfusion was also significantly higher in the hematologic disorders group. Postoperative white blood cell and platelet counts and perioperative changes in white blood cell counts were less favorable among patients with hematologic disorders. No statistically significant differences were detected in the operative duration, hospital stay, postoperative drainage volume, estimated blood loss, or incidence of lower-extremity deep venous thrombosis.ConclusionsPerioperative blood management following total hip arthroplasty may be more challenging in patients with hematologic disorders. Enhanced and targeted blood management strategies are warranted in this patient population.",2026-09-07,article_date,The Journal of international medical research,Journal Article,https://pubmed.ncbi.nlm.nih.gov/42704102/,,https://doi.org/10.1177/03000605261483881,https://doi.org/10.1177/03000605261483881,DOI,success,,unavailable_no_pmc,,
42704094,Play to move: A mixed-methods prospective observational study of exergaming versus traditional exercise interventions in children with Down syndrome.,"ObjectiveChildren with Down syndrome often face challenges associated with physical activity engagement and motor skill development. This study examined the effectiveness of an augmented reality exergaming application compared with that of traditional paper-based exercise recommendations for promoting physical activity in children with Down syndrome.MethodsUsing a mixed-methods design, this prospective, observational study investigated the experiences of participants in a 6-week exercise intervention by comparing the effectiveness of an exergaming application (n = 3) with the provision of a paper handout with recommended exercises (n = 2). Five children with Down syndrome participated in the study, with physical assessments conducted pre- and post-intervention via telehealth, weekly interviews, and activity tracking.ResultsThematic analysis revealed that the exergaming application provided initial novelty and motivation that decreased over time; however, session duration increased. Paper handouts served as reminders but not motivators. Participants preferred activities involving upper-body movements over more challenging, whole-body movements, and familiar, simplified movements over novel complex tasks. All application group participants demonstrated improvement in the 2-min step test.ConclusionExergaming may help improve physical fitness in children with Down syndrome; however, it requires specific design considerations to sustain long-term engagement and activity initiation.",2026-09-07,article_date,The Journal of international medical research,Journal Article; Observational Study; Comparative Study,https://pubmed.ncbi.nlm.nih.gov/42704094/,,https://doi.org/10.1177/03000605261484837,https://doi.org/10.1177/03000605261484837,DOI,success,,unavailable_no_pmc,,
42704059,"Anacaulase-Bcdb for Enzymatic Eschar Removal in Adult and Paediatric Thermal Burns: Clinical Evidence, Safety, and Therapeutic Positioning.","Deep partial-thickness and full-thickness thermal burns require timely eschar removal, but surgical excision can sacrifice viable dermis, cause blood loss, and consume operating-room resources. Anacaulase-bcdb is a standardised pineapple stem-derived proteolytic biologic approved for enzymatic eschar removal in eligible adult and paediatric thermal burns. This Drug Evaluation reviews the product's biological origin, composition, mechanism of action, regulatory status, administration, clinical efficacy, safety and place in therapy. A targeted review of peer-reviewed and regulatory evidence was undertaken, prioritising the phase 3 DETECT trial, the randomised paediatric CIDS trial, systematic reviews, consensus guidance, prescribing information, and postmarketing studies. Anacaulase-bcdb provides rapid eschar removal, reduces surgical excision and debridement-related blood loss, and preserves subsequent options for conservative healing or grafting. Procedural pain, hypersensitivity, strict eligibility criteria, and specialist-team requirements remain important limitations. Anacaulase-bcdb is a clinically meaningful, tissue-sparing adjunct rather than a replacement for burn surgery. Its greatest value is likely in eligible deep partial-thickness and selected full-thickness thermal burns treated within protocolized burn-center pathways. Future adoption will depend on comparative effectiveness, cost-effectiveness, real-world safety, optimal patient selection and evidence that reduced operative burden translates into improved clinical and health-system outcomes.",2026,journal_pub_date,Wound repair and regeneration : official publication of the Wound Healing Society [and] the European Tissue Repair Society,Journal Article; Review,https://pubmed.ncbi.nlm.nih.gov/42704059/,,https://doi.org/10.1111/wrr.70212,https://doi.org/10.1111/wrr.70212,DOI,success,,unavailable_no_pmc,,
42704050,The Divergent Metabolomic Landscape of COVID-19 and Community-Acquired Pneumonia.,"OBJECTIVES: To map and compare the serum metabolome of hospitalized patients with COVID-19 or community-acquired pneumonia (CAP).
DESIGN: Observational matched cohort study using an untargeted metabolomics approach.
SETTING: Serum samples were obtained at the time of hospital admission as part of two clinical trials conducted in hospitalized patients.
PATIENTS: A matched cohort design was applied, including patients with COVID-19 and CAP, matched according to age, sex, and Charlson Comorbidity Index. The patient samples were obtained from two clinical studies, namely the suPAR-guided Anakinra Treatment for Validation of the Risk and Management of Respiratory Failure by COVID-19 (SAVE) trial (ClinicalTrials.gov identifier: NCT04357366; European Union Drug Regulating Authorities (EudraCT) number: 2020-001466-11) and the A randomized clinical trial of oral Clarithromycin in Community-acquired pneumonia to attenuatE inflammatory responseS and improve outcomeS (ACCESS trial) (ClinicalTrials.gov identifier: NCT04724044; EudraCT number: 2020-004452-15). The total study population comprised 92 patients.
INTERVENTIONS: None.
MEASUREMENTS AND MAIN RESULTS: A total of 3555 metabolites were detected, and differential analysis recovered more than 70% of the metabolome as altered between conditions. Metabolite pathway analysis highlighted pathways related to the citric acid cycle and arachidonic metabolism as activated in CAP, while COVID-19 was mainly driven by alterations in amino acid metabolism and metabolites related to mitochondrial function.
CONCLUSIONS: Extensive divergence was observed in the metabolomic landscape of patients with COVID-19 or CAP, underscoring the disease-specific metabolic adaptations and providing potential targets for diagnostic and therapeutic development.",2026-09-04,article_date,Critical care explorations,Journal Article; Observational Study,https://pubmed.ncbi.nlm.nih.gov/42704050/,,https://doi.org/10.1097/CCE.0000000000001473,https://doi.org/10.1097/CCE.0000000000001473,DOI,success,,unavailable_no_pmc,,
42704043,Efficacy and Safety of Ultra-Low Starting Dose Febuxostat Titration in Male Patients With Primary Gout.,"BACKGROUND: Since gout is a common metabolic arthritis caused by urate crystal deposition, urate-lowering therapy (ULT) is clearly indicated, but the initiation of ULT frequently causes paradoxical acute flares that in turn impair patient adherence.
OBJECTIVE: This study sought to assess the effectiveness and safety of an ultra-low-dose initiation strategy for febuxostat (10 mg/day) compared to the standard starting dose (20 mg/day) in reducing initiation-related flares while maintaining long-term urate control.
METHODS: 120 male patients with primary gout presenting with acute arthritis were randomly assigned to initiate febuxostat at 10 mg/day (Group A) or 20 mg/day (Group B), with protocol-mandated biweekly titration. The primary outcomes were gout flare frequency over 24 weeks (assessed using Poisson regression), serum uric acid (SUA) target attainment, and the incidence of adverse events.
RESULTS: Although both groups achieved comparable target SUA levels by week 24, Group A demonstrated a significantly lower overall flare incidence (36.7% vs. 70.0%; p < 0.001), along with a greater percentage of flare-free patients (70.0% vs. 46.7%; p = 0.016). Multivariable Poisson regression revealed that Group B had an approximately twofold higher risk of flares compared to Group A (Incidence Rate Ratio = 1.95; p = 0.012), with obese patients deriving the most pronounced benefit from the ultra-low-dose approach. To avert one additional flare, the calculated number needed to treat was 4.3. Additionally, the occurrence of clinically significant liver injury (ALT/AST > 3× ULN) was low in both groups, with 3.3% in Group A and 1.7% in Group B. Multivariable regression analysis confirmed that LDL-C is an independent predictor of ALT (β = 12.90, p = 0.009), while febuxostat dosage was not linked to hepatotoxicity.
CONCLUSION: Initiating febuxostat at a dose of 10 mg/day with gradual titration demonstrates a superior safety profile by effectively reducing early acute flares without compromising long-term urate control, which is particularly advantageous for high-risk cohorts, including obese patients.",2026,journal_pub_date,International journal of rheumatic diseases,Journal Article; Randomized Controlled Trial,https://pubmed.ncbi.nlm.nih.gov/42704043/,,https://doi.org/10.1111/1756-185x.70800,https://doi.org/10.1111/1756-185x.70800,DOI,success,,unavailable_no_pmc,,
42704041,Luciferase-induced immune activation prevents orthotopic K7M2luc osteosarcoma establishment in BALB/c mice.,"BACKGROUND: Use of murine orthotopic tumor models dictates utilization of luciferase-expressing cells for in vivo bioluminescence imaging. However, luciferase may trigger immune responses that impair tumor establishment.
MATERIALS AND METHODS: We transduced K7M2 cells wild-type (wt) with luciferase gene and evaluated their growth in vitro. We then implanted cells orthotopically in BALB/c mice and upon unsuccessful tumor establishment assessed systemical and local mechanism for tumor growth suppression.
RESULTS: All investigated cell lines had a comparative doubling time in vitro at 24 and 48h. Despite that, K7M2luc E5 differed from K7M2luc A7 and K7M2 wt by having a much higher proliferation rate at 72h (35x, 15x and 17x). In vivo, both luciferase-expressing cell lines failed to establish tumors, whereas K7M2 wt had a 100% success rate. To investigate the underlying mechanism, we assessed systemic and local cell-mediated immunity. Mice in groups K7M2luc A7 and K7M2luc E5 had a higher fold change (5 ± 0.8 and 6 ± 1.05) of GrB secreting splenocytes than naïve mice (1 ± 0.2). In the bone microenvironment, luciferase groups exhibited elevated numbers of GrB-secreting cells and CD8+ T cells relative to K7M2 wt and naïve mice.
CONCLUSIONS: These findings indicate that luciferase activates cytotoxic T-cell responses capable of eliminating implanted cells. Tumor establishment was restored in immunodeficient mice lacking CD8+ cells, confirming the immunemediated rejection.",2026-09-07,article_date,Radiology and oncology,Journal Article,https://pubmed.ncbi.nlm.nih.gov/42704041/,,https://doi.org/10.2478/raon-2026-0049,https://doi.org/10.2478/raon-2026-0049,DOI,success,,unavailable_no_pmc,,
42704040,18F-FDG PET/CT-based recurrence patterns and survival outcomes in esophageal carcinoma: a single center experience.,"BACKGROUND: This study aimed to evaluate differences among three patient groups with suspected recurrent esophageal carcinoma, defined by 18F-fluorodeoxyglucose positron emission tomography/computed tomography (18F-FDG PET/CT) findings, in quantitative and semiquantitative PET/CT parameters and serum tumor markers, and to assess their impact on progression-free survival (PFS) and overall survival (OS).
PATIENTS AND METHODS: This retrospective cohort study included 77 patients with positive 18F-FDG PET/CT findings between January 2014 and December 2025. Based on 18F-FDG PET/CT findings, patients were classified into three groups: G1 (isolated locoregional recurrence), G2 (isolated metastases), and G3 (both locoregional disease and metastases). Semiquantitative and quantitative 18F-FDG PET/CT parameters, histopathological characteristics, and blood tumor marker levels were compared among the groups. For survival analysis, patients were stratified into low and high groups according to the median value of each parameter.
RESULTS: Elevated carcinoembryonic antigen (CEA) levels were significantly more frequent in G2 and G3 compared with G1 (p = 0.005), while no significant difference was observed for carbohydrate antigen 19-9 (CA19-9) levels (p = 0.280). Significant differences in all analyzed 18F-FDG PET/CT parameters were found among the three groups, with the highest values in G3. Patients with lower maximal standardized uptake values (SUVmax) and SUVmean values demonstrated significantly longer PFS and OS. Lower metabolic tumor volume (MTV) and total lesion glycolysis (TLG) values were associated with significantly longer progression-free survival (PFS), while overall survival (OS) was also longer, although without statistical significance.
CONCLUSIONS: Studies stratifying patients by isolated locoregional recurrence, isolated metastases, and combined locoregional/metastases on 18F-FDG PET/CT remain limited. Our findings suggest that disease spread patterns and semiquantitative/quantitative 18F-FDG PET/CT parameters may provide important prognostic value in patients with esophageal carcinoma.",2026-09-07,article_date,Radiology and oncology,Journal Article,https://pubmed.ncbi.nlm.nih.gov/42704040/,,https://doi.org/10.2478/raon-2026-0047,https://doi.org/10.2478/raon-2026-0047,DOI,success,,unavailable_no_pmc,,
42704039,Analysis of the effects of individualized nutrition and physical activities on body composition during the treatment of breast cancer patients.,"BACKGROUND: Malnutrition and loss of skeletal muscle mass are common in breast cancer patients and represent negative prognostic factors. Combined nutrition and exercise interventions may help preserve body composition during treatment. The aim of this study was to evaluate the effects of a targeted nutritional and exercise intervention on body composition, assessed by Bioelectrical Impedance Analysis (BIA), in breast cancer patients undergoing treatment, stratified by baseline nutritional status according to the Global Leadership Initiative on Malnutrition (GLIM) criteria.
PATIENTS AND METHODS: In this retrospective analysis of the OREH pilot study, 287 patients were included in the intervention group and 194 in the control group. All patients underwent BIA measurements at baseline, 6 months, and 12 months. Malnourished patients (GLIM-positive) in both groups received individualized nutritional counseling as standard care. GLIM-negative patients in the intervention group received preventive nutritional counseling via online lectures. All intervention group patients participated in supervised group exercise. Differences in BIA parameters (fat-free mass index, phase angle, fat mass, total body water, and body mass index) between the 3rd and 1st measurements were compared using Welch's t-test, with p-values adjusted by the Bonferroni-Holm method.
RESULTS: No statistically significant differences in body composition parameters were observed between the intervention and control groups over the 12-month follow-up period. The adjusted p-value for fat-free mass index (FFMI) was 0.2 in GLIM-positive patients and 1.0 in GLIM-negative patients. A trend toward greater FFMI increase was observed in GLIM-positive patients in the intervention group compared to controls (mean difference 0.30; 95% CI 0.05-0.54; unadjusted p = 0.017), but this did not remain significant after correction for multiple comparisons.
CONCLUSIONS: The combined nutritional and exercise intervention did not significantly improve BIA-derived body composition parameters. However, the trend toward FFMI improvement in GLIM-positive patients receiving individualized nutritional counseling suggests that personalized approaches may be more effective than group-based interventions. Future studies should incorporate individualized nutrition and resistance training programs to optimize body composition outcomes in breast cancer patients.",2026-09-07,article_date,Radiology and oncology,Journal Article,https://pubmed.ncbi.nlm.nih.gov/42704039/,,https://doi.org/10.2478/raon-2026-0046,https://doi.org/10.2478/raon-2026-0046,DOI,success,,unavailable_no_pmc,,
42704038,Breast DCE-MRI morphological features and semi-quantitative parameters associated with upgrade to invasive carcinoma in biopsyproven DCIS.,"BACKGROUND: The aim of this study was to identify imaging predictors of upgrade to invasive carcinoma (IC) in patients with biopsy-proven ductal carcinoma in situ (DCIS) based on morphological features and semi-quantitative parameters derived from dynamic contrast-enhanced breast magnetic resonance imaging (DCE-MRI).
PATIENTS AND METHODS: Ninety consecutive patients with biopsy-proven DCIS who had positive findings on standard full-protocol breast DCE-MRI and subsequently underwent surgical excision with final postoperative histopathological diagnosis were included. Patients with final postoperative IC were compared with those without IC. Morphological features (lesion type, size, multifocality/multicentricity, T2-weighted (T2W) and turbo inversion recovery magnitude [TIRM] characteristics) and semi-quantitative parameters (wash-in, peak enhancement, delayed phase of the timeintensity curve [TIC], time to peak [TTP], and positive enhancement integral [PEI]) were analyzed.
RESULTS: Fifty-five patients (61.1%) had no IC, while 35 patients (38.9%) had IC on final histopathology. Patients with IC more frequently demonstrated non-mass enhancement (NME) combined with a mass, larger lesion size, multifocal or multicentric disease, T2W/TIRM hyperintensity, fast wash-in, higher peak enhancement, plateau and washout TIC patterns, higher PEI, and shorter TTP. Multivariate analysis identified NME combined with a mass, delayed-phase TIC characteristics, and TIRM hyperintensity as independent predictors of IC.
CONCLUSIONS: Our study confirmed that prediction models incorporating breast DCE-MRI morphological features and semi-quantitative parameters can stratify patients with biopsy-proven DCIS by their probability of upgrade to IC. TIRM hyperintensity emerged as one of three independent predictors of IC and, to the best of our knowledge, has not been previously reported in this context.",2026-09-07,article_date,Radiology and oncology,Journal Article,https://pubmed.ncbi.nlm.nih.gov/42704038/,,https://doi.org/10.2478/raon-2026-0043,https://doi.org/10.2478/raon-2026-0043,DOI,success,,unavailable_no_pmc,,
42704037,Does age have an impact on surgical and oncologic outcomes after curative resection for gastric cancer: a ten-year single-centre retrospective study.,"BACKGROUND: Gastric cancer remains a major health burden in Slovenia, particularly among elderly patients. With increasing life expectancy, a growing number of patients aged ≥ 70 years are expected to undergo curative surgery. This study compared clinical, surgical, and oncologic outcomes between elderly (≥ 70 years) and younger (< 70 years) patients with gastric cancer.
PATIENTS AND METHODS: A single-center retrospective cohort study included patients who underwent curative-intent surgery for gastric adenocarcinoma between 2015 and 2024. Patients were stratified by age. Demographic data, comorbidities, tumor characteristics, surgical variables, postoperative complications (Clavien-Dindo classification), and overall survival (OS) were analyzed. Survival was assessed using the Kaplan-Meier method, and prognostic factors were evaluated using Cox proportional hazards regression.
RESULTS: A total of 433 patients were included (229 < 70 years; 204 ≥ 70 years). Elderly patients had higher American Society of Anesthesiologists (ASA) scores and a higher incidence of major postoperative complications. R0 resection rates and surgical radicality were comparable between groups; however, elderly patients more frequently underwent subtotal gastrectomy and less extensive lymphadenectomy. Perioperative chemotherapy was more commonly administered in younger patients. Tumour characteristics and TNM stage distribution were similar between groups. Five-year OS was significantly lower in elderly patients (37.3% vs. 59.6%, p < 0.001).
CONCLUSIONS: Curative gastric cancer surgery should not be denied based solely on chronological age. Carefully selected elderly patients can achieve acceptable surgical and oncologic outcomes, highlighting the importance of biological age and functional status in treatment decision-making.",2026-09-07,article_date,Radiology and oncology,Journal Article,https://pubmed.ncbi.nlm.nih.gov/42704037/,,https://doi.org/10.2478/raon-2026-0044,https://doi.org/10.2478/raon-2026-0044,DOI,success,,unavailable_no_pmc,,
42704036,The role of particle therapy in the treatment of locally recurrent rectal cancer: a systematic review.,"BACKGROUND: Colorectal cancer is a common malignancy. Advancements in multimodality treatment have improved outcomes. About 2-10% of patients will have a local recurrence even after optimal treatment. Salvage surgical treatment is the treatment of choice, however, in posterior and lateral recurrences, surgery is linked to a high rate of treatment-related morbidity. Some recurrences remain unresectable even after neoadjuvant treatment.
MATERIALS AND METHODS: A systematic literature review was performed to search for studies on curative-intent radiation therapy (RT) with photons, stereotactic body radiation therapy (SBRT) and particle beam therapy. The aim of the literature search was to define the role of particle therapy in the treatment of patients with unresectable or inoperable local recurrences of rectal cancer where neoadjuvant treatment is unlikely to result in downstaging, leaving patients with RT as the only curative treatment option.
RESULTS: 32 studies which fulfil the criteria were identified. In general, SBRT and particle beam therapy permitted the application of significantly higher doses to the target without a concomitant increase in treatment-related toxicities.
CONCLUSIONS: For unresectable and inoperable locally recurrent rectal cancer ablative radiotherapy techniques such as SBRT and particle beam therapy offer a curative treatment approach as an alternative to surgery. SBRT can be offered for small local and nodal recurrences, while particle beam therapy can be offered for larger recurrences and complex shapes spanning several anatomical compartments as well. Further research is needed to stratify patients according to their need and eligibility for the different possible modalities of curative-intent RT.",2026-09-07,article_date,Radiology and oncology,Journal Article; Systematic Review,https://pubmed.ncbi.nlm.nih.gov/42704036/,,https://doi.org/10.2478/raon-2026-0036,https://doi.org/10.2478/raon-2026-0036,DOI,success,,unavailable_no_pmc,,
42704035,"EPHA3, upregulated in high-risk histological subtypes of gastrointestinal stromal tumor, promotes GIST progression.","BACKGROUND: To explore the expression pattern and functional role of EPH receptor A3 (EPHA3) in high-risk gastrointestinal stromal tumors (GISTs) and its potential relevance to tumor progression.
MATERIALS AND METHODS: Immunohistochemical (IHC) analysis was performed to evaluate EPHA3 expression across a pilot cohort of clinical GIST specimens with different risk stratifications. The biological functions of EPHA3 in vitro were assessed using (5-ethynyl-2'-deoxyuridine, EdU) assay, colony formation, apoptosis, wound-healing, and transwell assays in EPHA3-knockout GIST-430 cells. Furthermore, RNA sequencing (RNA-seq) analysis was utilized to identify differentially expressed genes and associated signaling pathways following EPHA3 knockout.
RESULTS: EPHA3 expression was found to be elevated in high-risk GIST specimens compared with intermediate-risk cases. Loss-of-function assays demonstrated that EPHA3 knockout attenuated cell proliferation and migration while promoting apoptosis in vitro. Pathway enrichment analysis suggested that EPHA3 expression is associated with cell adhesion, extracellular matrix interaction, and mesenchymal-related phenotypic remodeling.
CONCLUSIONS: Our findings suggest that EPHA3 is upregulated in high-risk GIST and contributes to aggressive cellular behavior in vitro. These preliminary data indicate that EPHA3 may play a role in the malignant progression of GIST, although its clinical utility as a biomarker requires further validation in larger cohorts.",2026-09-07,article_date,Radiology and oncology,Journal Article,https://pubmed.ncbi.nlm.nih.gov/42704035/,,https://doi.org/10.2478/raon-2026-0042,https://doi.org/10.2478/raon-2026-0042,DOI,success,,unavailable_no_pmc,,
42704034,Cytoreductive surgery and hyperthermic intraperitoneal chemotherapy for colorectal peritoneal metastases: a single-institution experience.,"BACKGROUND: Peritoneal metastases (PM) from colorectal cancer are associated with poor prognosis. Cytoreductive surgery (CRS) combined with hyperthermic intraperitoneal chemotherapy (HIPEC) has been proposed for selected patients, although its role remains debated. This study evaluates the efficacy and safety of CRS plus HIPEC in a single institution.
PATIENTS AND METHODS: This retrospective study included patients with colorectal PM treated with CRS and HIPEC between 2009 and 2024. Preoperative staging involved CT and/or MRI, and all cases were discussed in a multidisciplinary team. Disease burden was assessed using the Peritoneal Cancer Index (PCI), and completeness of cytoreduction (CC score) was recorded. HIPEC was performed with oxaliplatin (360 mg/m2 at 42°C for 90 minutes). Overall survival (OS) was the primary endpoint; disease-free survival (DFS) and morbidity were secondary endpoints.
RESULTS: Fifty patients (mean age 54 years) were included. Complete cytoreduction (CC-0/1) was achieved in 88% of cases, with a median PCI of 8.33. Severe complications occurred in 18% of patients, with no 30-day mortality. After a median follow-up of 34 months, median OS was 49 months; 1- and 5-year OS rates were 96% and 54%, respectively. Median DFS was 14 months. PCI, CC score, and prior surgical score (PSS) were associated with OS on univariate analysis, while PCI and CC score remained independent prognostic factors.
CONCLUSIONS: CRS plus HIPEC is a feasible and effective treatment for selected patients with colorectal PM, with acceptable morbidity. Low PCI and complete cytoreduction are key predictors of improved survival.",2026-09-07,article_date,Radiology and oncology,Journal Article,https://pubmed.ncbi.nlm.nih.gov/42704034/,,https://doi.org/10.2478/raon-2026-0041,https://doi.org/10.2478/raon-2026-0041,DOI,success,,unavailable_no_pmc,,
42704032,When the Pathogen Shapes the Host: Metabolic Divergence in COVID-19 and Community-Acquired Pneumonia.,,2026-09-04,article_date,Critical care explorations,Journal Article,https://pubmed.ncbi.nlm.nih.gov/42704032/,,https://doi.org/10.1097/CCE.0000000000001478,https://doi.org/10.1097/CCE.0000000000001478,DOI,success,,unavailable_no_pmc,,
42704030,The Natural Flavonoid Pectolinarigenin Targets On-Canonical NF-κB Pathway to Inhibit Esophageal Squamous Cell Carcinoma and Enhances Paclitaxel Efficacy.,"Pectolinarigenin (PEC) is a natural flavonoid compound derived from Chinese herbal medicines. Previous studies have demonstrated its significant inhibitory effects against various malignancies. However, the effect and molecular mechanism of PEC in esophageal squamous cell carcinoma (ESCC) as well as its potential for combination with clinical chemotherapeutics for ESCC treatment is still obscure. Here, we systematically explored the anti-ESCC effects of PEC, elucidated its molecular mechanism, and evaluated its synergistic therapeutic potential with paclitaxel (PTX), a first-line chemotherapeutic agent for ESCC. The results showed that PEC obviously restrained proliferation and migration, and induced apoptosis of ESCC cells. Mechanistically, we found that PEC targets the non-canonical pathway of NF-κB, specifically preventing nuclear translocation of p52 and RELB, thus suppressing the transcriptional activity of this pathway. Moreover, we confirmed that PEC markedly inhibited tumor growth and exhibited a strong synergistic effect on the progression of ESCC when combined with PTX using a xenograft model of nude mice. Our research results have revealed a new molecular mechanism for the anti-ESCC efficiency of PEC. This study highlights PEC potential as a promising candidate for ESCC monotherapy or combination therapy with PTX and points out a new strategy for the clinical treatment of natural flavonoids to ESCC.",2026,journal_pub_date,Drug development research,Journal Article,https://pubmed.ncbi.nlm.nih.gov/42704030/,,https://doi.org/10.1002/ddr.70378,https://doi.org/10.1002/ddr.70378,DOI,success,,unavailable_no_pmc,,
42704029,Methodological Considerations on Relative Handgrip Strength and Cancer Risk in Older Adults.,,2026,journal_pub_date,International journal of rheumatic diseases,Letter,https://pubmed.ncbi.nlm.nih.gov/42704029/,,https://doi.org/10.1111/1756-185x.70812,https://doi.org/10.1111/1756-185x.70812,DOI,success,,unavailable_no_pmc,,
42704027,[Under the sword of Damocles - Resolving a complex case of hyponatremia with oral urea in clinical practice].,"INTRODUCTION: hyponatraemia is the most common fluid and electrolyte disorder in clinical practice, occurring in 15-30 % of hospitalised patients, and is associated with increased morbidity, mortality and healthcare costs. Syndrome of inappropriate antidiuretic hormone secretion (SIADH) is its most common cause in the hospital setting.
CASE REPORT: we present the case of a 62-year-old woman admitted for impaired consciousness secondary to severe symptomatic hypoosmolar hyponatraemia (Na+ 105.3 mmol/l). During her hospital stay, she suffered multiple complications related to her clinical condition and pre-existing comorbidities. Subsequently, following stabilisation, persistent SIADH was observed, and treatment with oral urea was initiated. The patient's prognosis was favourable, with progressive normalisation and maintenance of serum sodium concentration.
DISCUSSION: this case highlights the importance of aetiological diagnosis and the role of oral urea as an effective and safe treatment, as well as its usefulness in preventing further recurrences in patients with SIADH.",2026-09-01,article_date,Nutricion hospitalaria,English Abstract; Journal Article,https://pubmed.ncbi.nlm.nih.gov/42704027/,,https://doi.org/10.20960/nh.07097,https://doi.org/10.20960/nh.07097,DOI,success,,unavailable_no_pmc,,
42704024,[An unusual presentation of syndrome of inappropriate antidiuretic hormone secretion - When things aren't what they seem].,"INTRODUCTION: hyponatremia is one of the most common electrolyte disorders in clinical practice and requires accurate diagnosis to prevent potentially severe neurological complications.
CASE REPORT: we report the case of an 18-year-old male with no significant medical history who presented with severe headache, nausea, vomiting, and mild neurological symptoms, and was found to have severe hyponatremia secondary to syndrome of inappropriate antidiuretic hormone secretion (SIADH). After an extensive diagnostic workup with initially negative results, treatment with hypertonic saline was initiated, followed by fluid restriction and oral urea because of the risk of overcorrection. Clinical evolution was favourable, with progressive normalization of serum sodium levels. After discharge, the patient admitted chronic MDMA (3,4-methylenedioxymethamphetamine) use, and discontinuation of the drug allowed withdrawal of treatment without recurrence, confirming MDMA-induced SIADH.
DISCUSSION: this case highlights the importance of a thorough medical history and emphasizes the usefulness of oral urea as an effective and safe therapeutic option in patients at high risk of overcorrection.",2026-09-01,article_date,Nutricion hospitalaria,English Abstract; Journal Article,https://pubmed.ncbi.nlm.nih.gov/42704024/,,https://doi.org/10.20960/nh.07100,https://doi.org/10.20960/nh.07100,DOI,success,,unavailable_no_pmc,,
42704014,[From syndrome of inappropriate antidiuretic hormone secretion deficiency to excess - Challenges and solutions in a unique case].,"INTRODUCTION: the sequential transition from central diabetes insipidus (CDI) to the syndrome of inappropriate antidiuretic hormone secretion (SIADH) is an exceptionally rare condition and represents a major diagnostic and therapeutic challenge.
CASE REPORT: we report the case of a 47-year-old man with Burkitt lymphoma involving the hypothalamic-pituitary region who initially presented with polyuria, polydipsia, and hypernatremia. CDI was confirmed by biochemical findings and a positive response to desmopressin. Following desmopressin treatment and intensive chemotherapy, rapid tumor regression and partial recovery of neurohypophyseal function were observed. During follow-up, the patient developed persistent euvolemic hyponatremia with low plasma osmolality, inappropriately concentrated urine, and elevated urinary sodium. After excluding adrenal insufficiency, hypothyroidism, desmopressin overtreatment, and other secondary causes, SIADH was diagnose.
DISCUSSION: this case highlights the rare sequential transition from ADH deficiency to ADH excess caused by the same hypothalamic-pituitary disease and supports oral urea as an effective, safe, and cost-effective therapeutic option for chronic SIADH.",2026-09-01,article_date,Nutricion hospitalaria,English Abstract; Journal Article,https://pubmed.ncbi.nlm.nih.gov/42704014/,,https://doi.org/10.20960/nh.07098,https://doi.org/10.20960/nh.07098,DOI,success,,unavailable_no_pmc,,
42704013,Respiratory Pathogen Detection in Pediatric Asthma Exacerbations Using the FilmArray Respiratory Panel 2.1.,"Viral infections, particularly rhinoviruses (RVs) and respiratory syncytial virus (RSV), are major causes of pediatric acute asthma exacerbations. The FilmArray Respiratory Panel 2.1 (FARP2.1) is an automated multiplex PCR tool that is being increasingly used in clinical settings; however, its application in asthma exacerbations has not been studied yet. From April 2022 to March 2025, children aged between 6 months and 5 years who had been hospitalized for asthma exacerbations were enrolled (""asthma group,"" n = 67), alongside children with respiratory infections without wheezing within the same age range (""non-asthma group,"" n = 207). Nasopharyngeal swabs were performed in all, tested with FARP2.1, and all detected pathogens and clinical features were compared between the two groups. RV/enterovirus (EV) prevalence was significantly higher in the asthma group (82.1%) than in the non-asthma group (28.5%). RSV prevalence was similar in both groups (19.4% vs. 30.0%), while parainfluenza virus was more frequent in the non-asthma group (11.9% vs. 24.2%). The peaks in asthma hospitalizations coincided with RV/EV detection peaks during the autumn. These results highlight that RV/EV was significantly associated with pediatric asthma exacerbations, frequently occurring. Although typically a cause of the common cold, RV/EV may represent an important trigger of asthma exacerbation in children.",2026,journal_pub_date,Journal of medical virology,Journal Article,https://pubmed.ncbi.nlm.nih.gov/42704013/,,https://doi.org/10.1002/jmv.71138,https://doi.org/10.1002/jmv.71138,DOI,success,,unavailable_no_pmc,,
42704011,Asymptomatic Carrier Neurologic Assessment: A Tool for Early Detection of Symptomatic Transition in Pathogenic TTR Gene Variant Carriers.,"BACKGROUND: Hereditary variant transthyretin amyloidosis (ATTRv) is caused by > 140 pathogenic TTR gene variants. The heterogeneous presentation of ATTRv clinical phenotypes complicates diagnosis and staging of patients. Tools that improve early detection of ATTRv symptoms and signs and identify risk of transition to clinically detectable disease are needed.
METHODS: A retrospective, multicenter study at amyloid centers in France, Spain, Portugal, and the United Kingdom (December 2023-December 2024) assessed asymptomatic carriers (ACs) and ACs who transitioned to symptomatic disease within the previous 2 years (newly symptomatic carriers [NSCs]). A new 23-question asymptomatic carrier neurologic assessment (ACNA) was developed to screen for the potential transition to clinically detectable ATTRv-polyneuropathy (PN). Question topics spanned sensory, autonomic, and systemic signs and symptoms. Fisher's exact tests were conducted to evaluate the association between each individual question and disease status (i.e., NSC vs. AC). Logistic regression models with a Firth correction were used to estimate odds ratios and corresponding 95% confidence intervals.
RESULTS: The study included 217 carriers (AC, n = 128; NSC, n = 89) with 18 unique transthyretin variants; 166 (76.5%) had p.Val50Met. Of 23 ACNA questions, 17 were significantly associated with transition to symptomatic disease for all patients. The pattern of neurologic signs and symptoms found to be associated with p.Val50Met and other common variants reflected what is known about variant-specific symptomatology. Confounding factors included age, medical center of treatment, and variant type.
CONCLUSION: The ACNA questionnaire may be a clinically valuable tool to screen ACs for risk of transition to symptomatic ATTRv-PN but requires validation.",2026,journal_pub_date,European journal of neurology,Journal Article; Multicenter Study,https://pubmed.ncbi.nlm.nih.gov/42704011/,,https://doi.org/10.1111/ene.70729,https://doi.org/10.1111/ene.70729,DOI,success,,unavailable_no_pmc,,
42704010,NOTCH3 Internal Tandem Duplication Defines a Novel Oncogenic Activation Mechanism of NOTCH Signaling.,"NOTCH signaling is activated in tumors through multiple mechanisms, including mutations, gene rearrangements, and gene amplification. We report a novel activation mechanism, an internal tandem duplication (ITD) near the NOTCH3 negative regulatory region (NRR), found in a myogenic mesenchymal neoplasm. This 17-amino acid residue duplication disrupts the tightly autoinhibited structure surrounding the S2 cleavage site, resulting in ligand-independent S2 cleavage and constitutive pathway activation, as demonstrated by increased expression of the NOTCH3 target gene HES1. Cells expressing NOTCH3-ITD showed increased nuclear localization of the receptor and exhibited malignant phenotypes, including enhanced proliferation and migration. Together, these findings support the oncogenic role of NOTCH3-ITD.",2026,journal_pub_date,"Genes, chromosomes & cancer",Journal Article,https://pubmed.ncbi.nlm.nih.gov/42704010/,,https://doi.org/10.1002/gcc.70169,https://doi.org/10.1002/gcc.70169,DOI,success,,unavailable_no_pmc,,
42704008,Tandem Double Inversion Resolves the Structural Paradox Underlying Recurrent KAT6A::NCOA2 Fusion in Acute Myeloid Leukemia.,"The KAT6A::NCOA2 (formerly MOZ::TIF2) fusion is an extremely rare recurrent genetic abnormality in acute myeloid leukemia (AML), with only nine cases reported to date. It has consistently been associated with inv(8)(p11q13). However, the genomic mechanism underlying this fusion has remained unresolved. Because both KAT6A and NCOA2 are transcribed in the same reverse orientation on chromosome 8, a simple inversion is structurally insufficient to generate a transcriptionally competent fusion transcript, creating a long-standing cytogenetic paradox. We analyzed an AML case harboring a KAT6A::NCOA2 fusion using targeted genomic profiling and breakpoint-level validation. In addition to the canonical KAT6A::NCOA2 fusion, sequencing identified an unexpected MTFR1::KAT6A rearrangement. Since MTFR1 is located between KAT6A and NCOA2 on chromosome 8, we hypothesized a complex intrachromosomal rearrangement. Genomic breakpoint analysis revealed that the fusion was generated not by a single inv(8), but by two adjacent intrachromosomal inversions forming a tandem double inversion. This rearrangement reoriented genomic segments to place KAT6A and NCOA2 in a transcriptionally compatible configuration, enabling fusion formation. These findings resolve the structural paradox of KAT6A::NCOA2-positive AML by demonstrating that a cytogenetically apparent inv(8)(p11q13) can conceal a tandem double-inversion architecture that reorients KAT6A and NCOA2 into a transcriptionally compatible configuration.",2026,journal_pub_date,"Genes, chromosomes & cancer",Journal Article; Case Reports,https://pubmed.ncbi.nlm.nih.gov/42704008/,,https://doi.org/10.1002/gcc.70171,https://doi.org/10.1002/gcc.70171,DOI,success,,unavailable_no_pmc,,
42704007,[When growth hormone levels drop - Management with urea of postoperative inappropriate antidiuretic hormone secretion syndrome in a patient who underwent surgery for acromegaly].,"INTRODUCTION: postoperative hyponatremia is a common complication after endoscopic transsphenoidal surgery, with an incidence of 9-35 % that rises to 41.5 % in patients with acromegaly.
CASE REPORT: a 74-year-old woman diagnosed with acromegaly underwent endoscopic transsphenoidal surgery and developed severe symptomatic hyponatremia (sodium 117 mmol/l) due to SIADH on postoperative day 11, after other causes of postoperative hyponatremia were ruled out. Following initial correction with hypertonic saline, treatment with oral urea (15 g/day) was started, achieving a safe increase in serum sodium (133 mmol/l at 48 hours) that allowed hospital discharge. One week later, with normalized sodium levels (137 mmol/l), treatment was withdrawn without subsequent recurrence.
DISCUSSION: oral urea is an effective, well-tolerated and cost-effective first-line treatment for SIADH after pituitary surgery, particularly relevant in patients with acromegaly given their higher incidence of late hyponatremia. Systematic sodium monitoring during the highest-risk period could allow earlier treatment initiation and prevent progression to severe cases.",2026-09-01,article_date,Nutricion hospitalaria,English Abstract; Journal Article,https://pubmed.ncbi.nlm.nih.gov/42704007/,,https://doi.org/10.20960/nh.07101,https://doi.org/10.20960/nh.07101,DOI,success,,unavailable_no_pmc,,
42704005,[Management of syndrome of inappropriate antidiuretic hormone secretion in outpatients].,"INTRODUCTION: the syndrome of inappropriate antidiuretic hormone secretion (SIADH) is the most frequent cause of hyponatremia in the outpatient setting, presenting significant diagnostic and therapeutic challenges due to the difficulty of performing laboratory monitoring and poor patient compliance with fluid restriction.
CASE REPORT: we report the case of an institutionalized and polymedicated 59-year-old male, with a history of congenital epilepsy, who developed moderate euvolemic hyponatremia ([Na+] 124 mEq/l) secondary to oxcarbazepine therapy. Given the risk of a progressive decline in serum sodium, treatment with oral urea (30 g/day) was initiated, achieving a controlled and progressive increase in natremia to safe limits (133 mEq/l), even before the withdrawal of the culprit drug. Following the subsequent discontinuation of oxcarbazepine by neurology, natremia fully normalized ([Na+] 138 mEq/l), allowing a successful withdrawal of urea.
DISCUSSION: oral urea stands out as the only fully effective, safe, and well-tolerated medium- and long-term therapeutic strategy available for managing outpatient SIADH.",2026-09-01,article_date,Nutricion hospitalaria,English Abstract; Journal Article,https://pubmed.ncbi.nlm.nih.gov/42704005/,,https://doi.org/10.20960/nh.07099,https://doi.org/10.20960/nh.07099,DOI,success,,unavailable_no_pmc,,
42704000,[Oral urea as a safety strategy in complex syndrome of inappropriate antidiuretic hormone secretion - Challenges posed by polypharmacy and institutionalization].,"INTRODUCTION: syndrome of inappropriate antidiuretic hormone secretion (SIADH) is a common cause of euvolemic hyponatremia in older adults.
CASE REPORT: we report the case of a 72-year-old woman with chronic SIADH, probably secondary to sertraline, in the setting of polyp harmacy and chronic liver disease. Initially, serum sodium normalized with fluid restriction guided by the Furst formula under caregiver supervision. Following the death of her primary caregiver and admission to a long-term care facility, an increase in sertraline dosage and the inability to maintain fluid restriction led to recurrent hyponatremia (serum sodium 126 mEq/l). Tolvaptan was avoided because of the risk of interaction with diltiazem (CYP3A4 inhibitor) and underlying liver disease. Oral urea was initiated and titrated to 30 g/day, achieving gradual and sustained normalization of serum sodium (134-135 mEq/l) without adverse effects or changes to her psychotropic treatment. Six months later, the patient remains clinically stable on 15 g/day of oral urea with progressive sertraline dose reduction.
DISCUSSION: this case highlights oral urea as a safe, effective, and cost-effective therapeutic option for SIADH when fluid restriction is not feasible and vaptans are unsuitable, particularly in frail older adults with polypharmacy and complex social circumstances.",2026-09-01,article_date,Nutricion hospitalaria,English Abstract; Journal Article,https://pubmed.ncbi.nlm.nih.gov/42704000/,,https://doi.org/10.20960/nh.07103,https://doi.org/10.20960/nh.07103,DOI,success,,unavailable_no_pmc,,
42703991,[Hyponatremia due to syndrome of inappropriate antidiuretic hormone secretion - When clinical cases teach us].,,2026-09-01,article_date,Nutricion hospitalaria,Journal Article,https://pubmed.ncbi.nlm.nih.gov/42703991/,,https://doi.org/10.20960/nh.07096,https://doi.org/10.20960/nh.07096,DOI,success,,unavailable_no_pmc,,
42703990,[Chronic hyponatremia secondary to drug-induced syndrome of inappropriate antidiuretic hormone secretion - The role of oral urea as a safe and effective therapeutic alternative].,"INTRODUCTION: hyponatremia is one of the most common electrolyte disturbances in clinical practice. Among the causes of euvolemic hyponatremia, syndrome of inappropriate antidiuretic hormone secretion (SIADH) is one of the most prevalent etiologies, with medications being one of its common triggers.
CASE REPORT: we present the case of a 71-year-old woman with chronic euvolemic hyponatremia secondary to drug-induced SIADH, in the context of ongoing treatment with multiple potentially implicated medications.
DISCUSSION: the significance of this case lies in demonstrating the efficacy and safety of oral urea as a maintenance treatment in a patient for whom discontinuation of the causative medications was not possible due to the need for chronic psychopharmacological treatment. It also illustrates the profile of a patient who is a candidate for treatment with oral urea: chronic euvolemic hyponatremia secondary to SIADH, in which fluid restriction is not feasible, and other therapeutic alternatives presented limitations.",2026-09-01,article_date,Nutricion hospitalaria,English Abstract; Journal Article,https://pubmed.ncbi.nlm.nih.gov/42703990/,,https://doi.org/10.20960/nh.07102,https://doi.org/10.20960/nh.07102,DOI,success,,unavailable_no_pmc,,
42703989,Beyond Inflammation: Breaking the Vicious Cycle of Matrix Stiffness and Mechanotransduction in Systemic Sclerosis.,,2026,journal_pub_date,International journal of rheumatic diseases,Editorial,https://pubmed.ncbi.nlm.nih.gov/42703989/,,https://doi.org/10.1111/1756-185x.70835,https://doi.org/10.1111/1756-185x.70835,DOI,success,,unavailable_no_pmc,,
42703987,Altered Peripheral and Synovial CD8+ T Cell Signatures Are Associated With Disease Activity in Female Early-Stage Rheumatoid Arthritis.,"Rheumatoid arthritis (RA) exhibits significant sexual dimorphism, with females being two to three times more susceptible than males. CD8+ T cells are key effector immune cells driving synovial inflammation, bone erosion, and autoimmune injury within RA joints; nevertheless, their sex-specific pathogenic characteristics in early-stage RA (ERA) remain poorly defined. This study aimed to identify gender-specific pathogenic factors in RA. Based on a well-characterized patient cohort containing 46 RA individuals, we combined peripheral flow cytometry and synovial transcriptomic profiling to systematically compare immune infiltration and molecular alterations between male and female patients. Bioinformatic analyses were performed to screen differentially expressed genes and immune-related pathways, and synovial immunohistochemical (IHC) staining was applied for histological validation. The gene scores and infiltration levels of CD8+ T cells in the synovial tissue of female ERA patients were significantly elevated, a phenotype not observed in male ERA patients. Chemokines CCL3 and CCL4 were exclusively associated with synovial CD8+ T cell infiltration levels in female ERA, but not in males. The synovial CD8+ T cells were enriched in immune activation pathways. IHC staining confirmed infiltration of CD8+ T cells and the presence of CCL3 and CCL4 in the synovium of female ERA patients, supporting the concept that increased recruitment of CD8+ T cells to the synovium is a characteristic feature of female ERA. Importantly, CD8+ T-cell infiltration, associated with increased CCL3/CCL4 expression, correlated with disease activity and may therefore contribute to the pathogenesis of ERA in women. Collectively, these observations offer novel clues for gender-tailored diagnostic biomarkers and targeted therapies for female ERA.",2026,journal_pub_date,European journal of immunology,Journal Article,https://pubmed.ncbi.nlm.nih.gov/42703987/,,https://doi.org/10.1002/eji.70279,https://doi.org/10.1002/eji.70279,DOI,success,,unavailable_no_pmc,,
42703967,Functional and Proteomic Profiles of CD3(+) Plasma-Derived Small Extracellular Vesicles Differentiate Cancer Patients From Healthy Donors.,"Small extracellular vesicles (sEV) released by T cells play a key role in immune regulation. Immune capture with anti-CD3 antibodies was used to isolate and study T cell-derived CD3(+)sEV from the plasma of patients with melanoma (MPs) or healthy donors (HDs). Functional responses induced in recipient target cells by CD3(+)sEV of MPs differed from responses induced by CD3(+)sEV of HDs. Approximating functions mediated by melanoma cell-derived sEV (MTEX), CD3(+)sEV of MPs reduced metabolic activity and proliferation of T cells while promoting activity in Mel526 cell targets. Proteomics profiling confirmed functional differences between CD3(+)sEV of MPs and HDs. Of 294 sEV-specific proteins identified in CD3(+)sEV, 226 were detected in the parent T cell proteome, confirming that the CD3(+)sEV proteome mimics that of the parent T lymphocytes. Among them were 66 differentially expressed proteins (DEPs) that differentiated vesicles from MPs and HDs. These DEPs were associated with processes linked to cancer-related functions. DEPs upregulated in CD3(+)sEV of MPs were associated with RHO-GTPase, cytokine, and MAPK signaling pathways. Thus, T cells of MPs were reprogrammed by MTEX to produce CD3(+)sEV that functionally resembled MTEX, partly recapitulated features of the tumor proteome, and differed from CD3(+)sEV of HDs. In cancer, the TEX-rewired T cells produce CD3(+)sEV that potentially could serve as a liquid biopsy of patients' T cells.",2026,journal_pub_date,European journal of immunology,Journal Article,https://pubmed.ncbi.nlm.nih.gov/42703967/,,https://doi.org/10.1002/eji.70273,https://doi.org/10.1002/eji.70273,DOI,success,,unavailable_no_pmc,,
42703957,SHIP1 Restrains Hypoxia/Reoxygenation-Induced Cytokine Secretion in Mouse Bone Marrow-Derived Mast Cells.,"Mast cells (MCs) are widely distributed sentinel cells of the myeloid lineage with substantial migratory capacity. Their activation is initiated by receptor-mediated signaling and culminates in the release of prestored mediators and cytokine secretion, processes tightly controlled by the lipid phosphatase SH2-containing inositol 5'-phosphatase 1 (SHIP1). Although MCs frequently reside within hypoxic microenvironments, the impact of hypoxia/reoxygenation on their activation remains elusive. Here we investigated the hypoxia tolerance of MCs and assessed whether hypoxia (≤1% O2) or subsequent reoxygenation (21% O2) induces degranulation and/or cytokine production. We further assessed the role of SHIP1 in posthypoxic MC activation. Primary mouse bone marrow-derived MCs (BMMCs) from wildtype and Ship1-/-mice were subjected to defined periods of hypoxia and subsequent reoxygenation to meticulously analyze their viability, metabolic activity, degranulation, and cytokine secretion. BMMCs were much more resilient to hypoxia than other primary murine cell types, such as microglia, astrocytes, and fibroblasts. A 3 h hypoxic exposure induced sufficient hypoxia-inducible factor-1α (HIF-1α) and its downstream effectors carbonic anhydrase IX and glucose transporter 1, with higher baseline expression in Ship1-/- BMMCs. Hypoxia increased secretion of IL-6 and TNF-α, but failed to trigger degranulation, even in Ship1-/- cells. Reoxygenation after 3 h of hypoxia further amplified cytokine secretion and HIF-1α response. Our data indicate that hypoxia activates BMMCs, causing enhanced cytokine secretion and HIF-1α pathway engagement. SHIP1 restrains hypoxia/reoxygenation-driven cytokine release, implicating PI3K/AKT signaling in this regulatory pathway. Recognizing this regulatory checkpoint may inform future efforts to modulate MC-driven cytokine responses in ischemia-reperfusion and other hypoxic inflammatory settings.",2026,journal_pub_date,European journal of immunology,Journal Article,https://pubmed.ncbi.nlm.nih.gov/42703957/,,https://doi.org/10.1002/eji.70274,https://doi.org/10.1002/eji.70274,DOI,success,,unavailable_no_pmc,,
42703950,Changes in Anti-HBc Positivity and Antibody Loss in Immunocompromised Patients: An Eight-Year Hospital-Based Analysis From a Tertiary Center in Turkey.,"This study aimed to evaluate the prevalence of anti-HBc seropositivity and examine the longitudinal changes in anti-HBc IgG S/CO reactivity, with particular focus on seroreversion (loss of anti-HBc antibodies) in immunocompromised patients by correlating laboratory data with clinical history. In this retrospective study (January 2017 and June 2024), serum samples from a tertiary care hospital were tested for hepatitis B serological markers, using chemiluminescent microparticle immunoassay (CMIA). Patients with ≥ 3 anti-HBc IgG measurements were evaluated for longitudinal monitoring of antibody dynamics. Medical records were reviewed for chronic HBV infection, co-morbidities, and anti-HBc loss in immunosuppressed patients. A total of 35,017 clinical samples from 27,758 participants were analysed. In this hospital-based cohort, the anti-HBc IgG seropositivity rate was 32.0%. Seropositive individuals were older than seronegatives (p < 0.001). Longitudinal analyses was performed on 1397 patients with ≥ 3 IgG measurements; consistently 434 remained reactive and 963 remained negative. Linear mixed-effects analysis showed a significant decline over time (F(1,1679) = 33.65; p < 0.001). Among immunosuppressed patients, 94 initially reactive cases were evaluated; permanent loss occurred in 80.9%. Seroreversion rates were 66.7% in rheumatology, 85.2% in hematology, 100% in oncology, and 69.2% in other departments; massive immunosuppressive cohort (hematology/oncology) had a higher likelihood of seroreversion in an unadjusted, exploratory comparison (OR 3.27; p = 0.04). This study demonstrates time-dependent decline in anti-HBc IgG S/CO reactivity. Seroreversion is common in immunocompromised patients. As anti-HBc reflects past exposure rather than active infection, its loss or negativity in immunosuppressed patients-including seronegative occult HBV infection-means serology alone may give false reassurance. Combined HBsAg/anti-HBc serology with HBV DNA testing is therefore recommended to detect occult infection and assess reactivation risk in this high-risk group.",2026,journal_pub_date,Journal of medical virology,Journal Article,https://pubmed.ncbi.nlm.nih.gov/42703950/,,https://doi.org/10.1002/jmv.71139,https://doi.org/10.1002/jmv.71139,DOI,success,,unavailable_no_pmc,,
42703920,"Comparison of Thiotepa, Busulfan, and Cyclophosphamide Versus Busulfan and Thiotepa Conditioning Regimens in Autologous Stem Cell Transplantation for Primary CNS Lymphoma: A Multicenter Retrospective Analysis.","Autologous stem cell transplantation (ASCT) with thiotepa-based conditioning has replaced whole-brain radiotherapy as consolidation for primary central nervous system lymphoma (PCNSL), providing improved efficacy and reduced neurotoxicity. However, the optimal thiotepa-containing regimen remains undefined. We retrospectively analyzed patients aged ≤ 60 years who underwent ASCT with thiotepa-busulfan-cyclophosphamide (TBC) or busulfan-thiotepa (BuTT) conditioning after high-dose methotrexate-based induction at two Korean institutions between 2015 and 2023. Propensity score matching (PSM; n = 20 per group) was performed to adjust for baseline differences. Sixty-seven patients were included (TBC, n = 30; BuTT, n = 37). TBC was associated with significantly longer progression-free survival (PFS) from induction (3-year: 89.9% vs. 72.1%, p = 0.034) and from transplantation (89.9% vs. 69.2%, p = 0.032); overall survival did not differ significantly. In multivariable Cox regression adjusted for pre-transplant response and cumulative MTX exposure, BuTT was independently associated with inferior PFS (HR 4.09, 95% CI 1.27-13.18, p = 0.019). After PSM, TBC retained superior PFS (84.7% vs. 73.3%, p = 0.035), with a non-significant trend in Cox analysis (HR 0.22, 95% CI 0.05-1.03, p = 0.054). TBC was associated with delayed engraftment and more grade ≥ 3 non-hematologic toxicities, but no treatment-related mortality occurred. In younger patients with PCNSL, TBC demonstrated a trend toward more durable disease control than BuTT, with manageable toxicity. As the thiotepa dose represents the major distinction between regimens, dose-intensified thiotepa strategies with adjusted partner agents merit further prospective investigation.",2026,journal_pub_date,Hematological oncology,Journal Article; Multicenter Study; Comparative Study,https://pubmed.ncbi.nlm.nih.gov/42703920/,,https://doi.org/10.1002/hon.70244,https://doi.org/10.1002/hon.70244,DOI,success,,unavailable_no_pmc,,
42703916,"Epidemiology, Presenting Features and Treatment Outcomes of Patients With Chronic Lymphocytic Leukemia (CLL) in Tanzania.","Chronic lymphocytic leukemia (CLL) is a hematological malignancy of mature clonal B-cells commonly affecting elderly patients. Novel targeted therapies have improved survival, with 5-year overall survival (OS) approaching that of the general population. However, data from Sub-Saharan Africa, including Tanzania, remain scarce, and the epidemiology, clinical presentation, and treatment outcomes are poorly defined. We conducted a retrospective review of all patients diagnosed with hematological malignancies at the National Referral Hospital in Tanzania between January 2010 and December 2022, based on morphological assessment of peripheral blood or bone marrow aspirates. Data were analyzed using STATA v17. Descriptive statistics summarized patient characteristics. Trends in diagnosis were assessed using chi-square and linear regression. Survival was estimated by Kaplan-Meier and predictors of mortality analyzed using Cox regression. Of 2751 patients diagnosed with hematological malignancies, 174 (6.3%) had CLL. CLL diagnoses increased significantly over time, with an average annual rise of 0.9% (p = 0.001). Median age at diagnosis was 65 years (IQR 58-72), with a male-to-female ratio of 1.3:1. Most patients (71.9%) presented with advanced disease (Rai stage III/IV). Of the 174 patients, 144 received treatment, predominantly chlorambucil plus prednisolone (70.1%). Median OS was 3 years, with a 5-year OS of 32.7% (95% CI 22.9-42.9), and 62% of patients died within 5 years. Untreated patients had a 2.5-fold higher hazard of death compared to the treated patients. CLL is an uncommon hematological malignancy in Tanzania, presenting at a slightly younger age and predominantly with advanced disease. Outcomes remain poor with chlorambucil-based therapy, underscoring the urgent need to strengthen diagnostics and expand access to effective targeted therapies.",2026,journal_pub_date,Hematological oncology,Journal Article,https://pubmed.ncbi.nlm.nih.gov/42703916/,,https://doi.org/10.1002/hon.70245,https://doi.org/10.1002/hon.70245,DOI,success,,unavailable_no_pmc,,
42703913,Dissecting Bone Marrow Fibrosis in Philadelphia-Negative Myeloproliferative Neoplasms: Multiple Roads Lead to Rome.,"Philadelphia-negative myeloproliferative neoplasms (MPN), a spectrum of blood malignancies characterized by uncontrolled myeloid proliferation, persist as a key challenge in onco-hematology due to their intricate molecular background, heterogeneous clinical phenotypes, and variable prognoses. Although generally accepted as indolent disorders, a considerable fraction of MPN patients exhibit progressive, and sometimes accelerated, bone marrow fibrosis, reflecting a critical shift toward a more debilitating condition marked by an increased symptom burden. As marrow scarring advances, hematopoietic capacity declines, severely compromising both patients' quality of life and survival. Increasing evidence highlights the crucial involvement of multiple players and mechanisms orchestrating marrow fibrotic transformation, thereby reflecting the multifaceted nature of this pathogenetic process. In this review, we untangle the pro-fibrotic programs underlying fibrosis progression in MPN, critically analyzing the available scientific literature. We explore the potential impact of the mutational landscape on the fibrotic transformation risk and examine the role of dysfunctional megakaryocytes as principal catalysts of fibrotic remodeling. Additionally, we provide insight into the influence of the bone marrow microenvironment, examining the contribution of both soluble factors and direct cell-cell communication in sustaining and exacerbating the fibrotic signature. The urgent need for earlier diagnoses, tailored prognoses, and more effective therapeutic strategies stresses the importance of investigating the pathological basis of fibrotic progression from a deeper perspective.",2026,journal_pub_date,Hematological oncology,Journal Article; Review,https://pubmed.ncbi.nlm.nih.gov/42703913/,,https://doi.org/10.1002/hon.70247,https://doi.org/10.1002/hon.70247,DOI,success,,unavailable_no_pmc,,
42703909,Comparative Analysis of Hypertension Stages Prevalence and Associated Factors in Bangladesh: Evidence From BDHS 2017-18 and 2022.,"This study was designed to identify the changing patterns of the potential covariates that influence hypertension stages (SHT) over time. The study used two cross-sectional datasets (BDHS 2017/18 and 2022), which had 12,189 and 13,843 respondents aged ≥18 years. The χ2analysis examined the association between the selected covariates and SHT as well as their influence on SHT using multinomial logistic regression (MLR) models (p < 0.05). Moreover, a SHAP-based approach was used to quantify the contribution of each covariate to the predictive performance for SHT classification. By adjusting for age and gender, the MLR-based model showed that seven significant covariates were found for SHT in both BDHS 2017/18 and 2022. Both MLR and SHAP-based approaches identified education, BMI, wealth index, diabetes status, and division as the principal determinants of SHT for BDHS 2022 dataset. Education and BMI were a significant and consistent predictors of SHT in both survey years. Respondents with secondary education and obese had 1.4 times (AOR: 1.4, 95% CI: 1.1-1.8) and 5.3 times (AOR: 5.3, 95% CI: 3.2-8.7) higher odds of having controlled hypertension (CHT) and severe hypertension in 2022. The respondents from middle and rich households also had higher odds of mild hypertension in 2017/18, whereas only rich respondents were found to have CHT and mild hypertension in 2022. Marital status showed a changing association with SHT over time, with divorced respondents showing a significantly higher risk of developing severe hypertension in 2022. These findings highlight the need for geographically targeted and socioeconomically tailored public health interventions in Bangladesh.",2026,journal_pub_date,"Journal of clinical hypertension (Greenwich, Conn.)",Journal Article; Comparative Study,https://pubmed.ncbi.nlm.nih.gov/42703909/,,https://doi.org/10.1111/jch.70358,https://doi.org/10.1111/jch.70358,DOI,success,,unavailable_no_pmc,,
42703905,The Big Bang: How Does Indoor Noise Affect Lifestyle Choices of Older Community-Dwelling Adults? An Exploratory Mixed Methods Study.,"OBJECTIVES: To examine self-reported noise sensitivity and how older community-dwelling adults subjectively experience noise in community-based venues encountered in day-to-day life.
METHODS: This exploratory mixed method study included older adults residing in an independent living community in New South Wales, Australia. It comprised a voluntary anonymised paper-based survey that included questions/statements from the Noise Sensitivity Scale (3-NS) and Noise Sensitivity Questionnaire (NoiSeQ), plus four focus groups exploring participants' experience of indoor auditory environments.
RESULTS: Participants (n = 50) reported a moderately high sensitivity to noise (median 9/15 on 3-NS, IQR 8-10). Those with hearing aids (23/50) were more likely to score higher in total sum of NoiSeQ questions (OR 1.15, 95% CI 1.01-1.30, p = 0.03). Shopping venues (32/50), food courts (32/50) and clubs (24/50) were commonly identified as noisy environments. Key themes identified in focus groups (n = 20) encompassed: (1) 'noise' versus 'music'; (2) acceptance of sound; and (3) coping strategies. Factors affecting the perception of sound as 'noise' included the self-perceived health of the listener, and qualities, familiarity and perceived necessity of the sound. Older adults employed a range of coping strategies, including adjustment of hearing aids and avoidance strategies, such as online shopping and shopping at non-peak times.
CONCLUSIONS: Older adults may be highly sensitive to indoor noise and demonstrate a range of coping strategies to deal with noise in community-based venues. Greater engagement with consumers to determine their noise-related needs is necessary in order to support ongoing lifestyle activity and engagement in the community.",2026,journal_pub_date,Australasian journal on ageing,Journal Article,https://pubmed.ncbi.nlm.nih.gov/42703905/,,https://doi.org/10.1111/ajag.70226,https://doi.org/10.1111/ajag.70226,DOI,success,,unavailable_no_pmc,,
42703902,Construction of α1A-Adrenoceptor-Based Stationary Phase Triggered by the Ultrahigh Affinity Protein Pair Colicin E7 Dnase /IM7 for Targeted Bioactive Compound Screening in Herba leonuri.,"Immobilization of functional proteins onto solid surfaces is pivotal to propel the advancement of biomaterials in both biomedical and industrial technologies. However, the process has been hindered when it comes to G protein-coupled receptors due to the homogeneity of the seven transmembrane proteins. Herein, we exploited the efficient ultrahigh affinity of colicin E7 (CL7) and its cognate immunity protein IM7 for conjugation of functional protein onto macro-porous silica gel and established a robust chromatographic system for separation of compounds from complex matrices. Benefiting from the ultrahigh affinity nature of the protein pair, conjugation of α1A-adrenoceptor (α1A-AR) was achieved at ambient conditions in less than 20 min with high specificity and stability. Feasibility of the platform was tested by determining the binding parameters between drugs and receptor under various conditions (different pHs and concentration of methanol). Under the desired condition, carvedilol gave the association constant of (11.56±0.7) × 105 M-1 indicating immobilization of α1A-AR via this method still enhances its binding activity to drugs. Furthermore, stachydrine and leonurine were obtained as the bioactive compounds targeting the immobilized α1A-AR. Our study is expected to offer a versatile platform to achieve effective and specific immobilization of other functional proteins, thus enabling easy separation of the target compound from complex systems.",2026,journal_pub_date,Journal of separation science,Journal Article,https://pubmed.ncbi.nlm.nih.gov/42703902/,,https://doi.org/10.1002/jssc.70524,https://doi.org/10.1002/jssc.70524,DOI,success,,unavailable_no_pmc,,
42703896,Short- and Long-Term Impact of Exogenous Hormones on Thermoregulation in Women.,"OBJECTIVES: How the body changes its methods of thermoregulation as part of the female ovarian cycle is a crucial aspect of human adaptive strategies to negotiate variable environments and tasks. The use of exogenous hormones to manage the ovarian cycle is a regular part of modern life but its long-term impact on thermoregulation, particularly while moving, continues to be understudied.
METHODS: Here, we specifically track adults (N = 35) including men, women of known ovarian phases, and women on an estrogen-progesterone combination pill, doing the same walking and resting protocol while their core body temperature was monitored continuously and their blood perfusion was monitored regularly. Blood perfusion was normalized to maximum blood flow, and lines were fit to the blood flow during exercise and during rest; the slope of these lines was used to analyze blood flow of the different endocrine groups.
RESULTS: Women on the pill showed significantly higher core temperatures (x¯ = 38.16°C) than women not on the pill (luteal x¯ = 37.85°C; follicular x¯ = 37.69°C) and men (x¯ = 37.80°C) (p = 0.02). Women in the luteal phase showed the most shallow slopes of blood perfusion (between -0.14 and 0.07), whereas all other endocrine groups showed slopes ranging from -0.31 to 0.15. Endocrine group significantly impacted the slope of blood perfusion during resting and walking (p = 0.059).
CONCLUSIONS: Given the different core temperatures, the similarity in the amount and pattern of blood perfusion between women on the pill and women in the follicular phase was not enough to substantially lower the core temperature of women on the pill. Another mechanism besides blood flow is necessary to explain the substantial difference in core body temperature maintained by women on the pill throughout the experimental period. These results suggest that core temperature does not automatically trigger blood perfusion as a mechanism of cooling for women on the pill. Additionally, women in the luteal phase must use other, non-vascular, mechanisms to cool the body during exercise. Finally, the thermoregulatory responses of people on a combination pill do not match the thermoregulatory responses of people in the luteal phase; studies which conflate these two should use caution in their interpretation.",2026,journal_pub_date,American journal of human biology : the official journal of the Human Biology Council,Journal Article,https://pubmed.ncbi.nlm.nih.gov/42703896/,,https://doi.org/10.1002/ajhb.70325,https://doi.org/10.1002/ajhb.70325,DOI,success,,unavailable_no_pmc,,
42703894,Acute Haemodynamic and Perceptual Responses to Graded Intradialytic Exercise in Patients on Maintenance Haemodialysis: A Randomised Crossover Trial.,"BACKGROUND: Acute responses to graded intradialytic exercise in people receiving haemodialysis remain incompletely characterised.
OBJECTIVES: To examine acute haemodynamic and perceptual responses to graded intradialytic resistance exercise compared with a non-exercise control condition.
DESIGN: Randomised crossover trial.
PARTICIPANTS: Forty-eight clinically stable adults receiving maintenance haemodialysis.
MEASUREMENTS: Participants completed seated control and graded lower-limb resistance exercise targeting Borg category-ratio 10 ratings of 3, 5 and 7. Systolic and diastolic blood pressure, mean arterial pressure, heart rate, peripheral oxygen saturation, rating of perceived exertion and acute fatigue were measured before, immediately after and 30 min after each condition.
RESULTS: Responses increased progressively with perceived intensity. Compared with control, higher perceived intensity increased systolic blood pressure by 14.9 mmHg (95% confidence interval = 12.7-17.0), diastolic blood pressure by 8.4 mmHg (6.8-10.0), mean arterial pressure by 10.6 mmHg (9.2-12.0) and heart rate by 15.5 beats per minute (12.9-18.1). Rating of perceived exertion increased by 6.7 points (95% confidence interval = 6.3-7.1). Mean peripheral oxygen saturation remained between 95.1% and 97.5%, with no value below 90%. Recorded symptoms occurred in 13 out of 48 higher perceived-intensity sessions; no serious adverse events occurred.
CONCLUSIONS: Graded, rating-guided intradialytic resistance exercise produced clear acute dose-response haemodynamic and perceptual changes. These findings support supervised individualisation of acute exercise dose but do not establish long-term safety or superiority of higher perceived-intensity training.
TRIAL REGISTRATION: Pan African Clinical Trial Registry: PACTR202606476360900.",2026,journal_pub_date,Journal of renal care,Journal Article; Randomized Controlled Trial,https://pubmed.ncbi.nlm.nih.gov/42703894/,,https://doi.org/10.1111/jorc.70081,https://doi.org/10.1111/jorc.70081,DOI,success,,unavailable_no_pmc,,
42703893,"Anticancer Potential of Antimicrobial Peptides: Mechanisms, Clinical Application, Challenges, and Future Prospects.","Chemotherapy-induced adverse effects and drug resistance remain major obstacles limiting the therapeutic efficacy of cancer treatment, underscoring an urgent need for novel anticancer agents. Among promising candidate molecules, antimicrobial peptides (AMPs) exhibit considerable therapeutic potential owing to their unique mechanisms of action, potent anticancer activity, minimal off-target toxicity, and low propensity to induce drug resistance. In this review, we summarize recent advances in the anticancer properties of AMPs, with a focus on their effects on both cancer cells and immune cells across diverse cancer types, clinical applications, as well as current challenges and future prospects. This review highlights the promise of AMPs as highly effective anticancer candidates for combination cancer therapy.",2026,journal_pub_date,Drug development research,Journal Article; Review,https://pubmed.ncbi.nlm.nih.gov/42703893/,,https://doi.org/10.1002/ddr.70383,https://doi.org/10.1002/ddr.70383,DOI,success,,unavailable_no_pmc,,
42703874,"Invertebrates at the Land-Sea Interface in a Climate Change World: Heatwaves, Floods, Fire and Ice.","With their location at the land-sea edge, coastal marine invertebrates withstand marked changes in water and air temperatures and abrupt salinity changes through tidal cycles. In a climate-changing world, these stressors are being magnified by the increased intensity and emergence of extreme climatic events (ECEs). Diverse habitat-dependent communities on rocky shores, mudflats, mangroves and saltmarsh are at the forefront of ECEs, which can co-occur and interact with other anthropogenic stressors. This review synthesises information on the vulnerabilities of coastal marine invertebrates living at the interface between marine and terrestrial environments to marine and atmospheric heatwaves, fire, flooding, hyposalinity and changes in intertidal ice cover. The impacts of ECEs on bivalves are investigated as these are ecologically and economically important keystone species. We synthesise impacts of extreme heat stress on these molluscs as a case study. Temperature and salinity extremes are particularly damaging to coastal invertebrate communities if they coincide with low tide cycles. As adaptation to environmental variability is an inherent feature of the evolution in the intertidal, it will be important to understand tolerance levels with respect to ECEs, as this varies between species and across tidal cycles. It is also important to understand the capacity to build climate resilience through acclimatisation, adaptation, plasticity and the presence of refuge habitats, as well as identify the potential for species' redundancy with respect to the provision of key ecosystem services.",2026,journal_pub_date,Global change biology,Journal Article; Review,https://pubmed.ncbi.nlm.nih.gov/42703874/,,https://doi.org/10.1111/gcb.71096,https://doi.org/10.1111/gcb.71096,DOI,success,,unavailable_no_pmc,,
42703869,Update to the Expression of Concern.,,2026,journal_pub_date,Anticancer research,Journal Article; Published Erratum,https://pubmed.ncbi.nlm.nih.gov/42703869/,,https://doi.org/10.21873/anticanres.18380,https://doi.org/10.21873/anticanres.18380,DOI,success,,unavailable_no_pmc,,
42703865,"Correction to ""Early Acute-Phase Energy Intake Is Independently Associated With Swallowing Decline in Older Patients With Aspiration Pneumonia: A Retrospective Cohort Study"".",,2026,journal_pub_date,Geriatrics & gerontology international,Published Erratum,https://pubmed.ncbi.nlm.nih.gov/42703865/,,https://doi.org/10.1111/ggi.70833,https://doi.org/10.1111/ggi.70833,DOI,success,,unavailable_no_pmc,,
42703818,Fermentation Time Modulates the Osteoprotective Effects of Milk Kefir in Glucocorticoid-Induced Osteoporotic Rats.,"Milk kefir has shown osteoprotective potential, but whether fermentation duration influences its effects remains unclear. This study evaluated the influence of fermentation time on milk kefir microbial composition and its effects on mandibular bone in glucocorticoid-induced osteoporotic rats. Milk kefir was fermented for 1, 4, or 7 days (MK1, MK4, MK7). Forty male Wistar rats were assigned to five groups (n = 8): healthy control, glucocorticoid-induced osteoporosis (GIO), and GIO treated with MK1, MK4, or MK7. Osteoporosis was induced by weekly intramuscular dexamethasone (7 mg/kg) for 5 weeks, followed by 12 weeks of daily kefir administration (0.7 mL). Microbial composition was assessed by 16S and 18S rRNA gene amplicon sequencing. Lactobacillus dominated the bacterial community, whereas Saccharomyces predominated among fungi, with no major changes across fermentation times. Prolonged fermentation (MK4 and MK7) significantly increased serum calcium, mandibular cortical thickness, interradicular bone area, collagen maturity, and fracture resistance. These findings indicate that prolonged fermentation enhances the osteoprotective effects of milk kefir, despite relative stability of the dominant microbial taxa, highlighting fermentation duration as an important factor in optimizing milk kefir for preserving mandibular bone under osteoporotic conditions.",2026,journal_pub_date,Molecular nutrition & food research,Journal Article,https://pubmed.ncbi.nlm.nih.gov/42703818/,,https://doi.org/10.1002/mnfr.70601,https://doi.org/10.1002/mnfr.70601,DOI,success,,unavailable_no_pmc,,
42703804,Highlights of the July-September 2026 issue.,,2026,journal_pub_date,Minerva endocrinology,Journal Article,https://pubmed.ncbi.nlm.nih.gov/42703804/,,https://doi.org/10.23736/S2724-6507.26.04628-2,https://doi.org/10.23736/S2724-6507.26.04628-2,DOI,success,,unavailable_no_pmc,,
42703793,Adaptation to Plant Defence in an Agricultural Insect Pest: Integrating Genome Scans and Gene Expression in the Soybean Aphid Reveals Multi-Genic Pathways.,"In agroecosystems, intense selection pressures cause species to adapt and spread, often leading to the evolution and persistence of pests. Understanding how pests rapidly adapt can help develop sustainable strategies for their management and improve agroecosystem health. Pest adaptation involves stable variations in DNA sequence, as well as dynamic shifts in gene expression, often mediated by non-coding regulatory elements. We examined adaptation to plant defences in the soybean aphid, Aphis glycines, in which virulent aphids have overcome plant defences and avirulent aphids have not. Previous data with laboratory colonies suggested that virulent aphids have higher overall gene expression, including transposable elements, some of which influence gene regulation. However, we lack information on how genetic variation in natural populations impacts adaptation and potentially gene regulation. We integrated population genome scans of field-collected, soybean aphid populations with gene expression profiles of virulent and avirulent laboratory colonies to uncover connections between genetic differentiation and gene regulation for virulence. Genome scan methods found 2144 single nucleotide polymorphisms (SNPs) with significant genetic differentiation (i.e., outliers) in field-collected populations. These SNPs were near 1004 genes, representing 5.16% of the effective number of genes. Based on previous RNA-Seq data with laboratory colonies, we found 3160 genes and 147 long non-coding RNAs (lncRNAs) with differential expression among virulent and avirulent biotypes. By integrating both data sets, we identified 16 genes and 5 long non-coding RNAs with differential expression and that were associated with an outlier SNP (within 10 kbp). We validated SNPs with additional field collected aphids and found an aphid clone with stronger virulence than our laboratory virulent colony, surviving on 2 different aphid-resistant soybean varieties. This new virulent clone had fixed allele differences at 9 SNPs compared to our avirulent and other virulent colony. Field collected soybean aphids matching the phenotype of this new virulent clone had significant genetic differentiation with 3 outlier SNPs near genes related to zinc transport and lachesin compared to field collected avirulent aphids. Our entire data reinforced the importance of a potential multi-genetic response to overcome plant defence and generates new insights into complex genetic and regulatory mechanisms involved in insect-plant interactions.",2026,journal_pub_date,Molecular ecology,Journal Article,https://pubmed.ncbi.nlm.nih.gov/42703793/,,https://doi.org/10.1111/mec.70536,https://doi.org/10.1111/mec.70536,DOI,success,,unavailable_no_pmc,,
42703769,Stroke rate detection from accelerometer data on marine mammals.,"Overall dynamic body acceleration (ODBA) is widely used as a proxy for movement activity. However, for large, slow-moving animals such as cetaceans, ODBA is dominated by orientational shifts rather than dynamic movements. We argue for using stroke rate frequency as an alternative to ODBA and present a method for estimating stroke rate from acceleration data, using narwhals as a case study. The resulting stroke rates aligned with diving phases and depths, where gliding is expected to be prevalent. The results were also competitive with state-of-the-art magnetometer-assisted approaches. The method also successfully detected individual strokes during a 30 s video of narwhal surface swimming. Using combined surge and heave acceleration produced better stroke estimates than using either in isolation. Our findings demonstrate that accelerometer-based tail stroke frequency is a valid proxy for activity level in marine mammals and highlight the importance of correcting for orientational effects.",2026-09-07,article_date,The Journal of experimental biology,Journal Article,https://pubmed.ncbi.nlm.nih.gov/42703769/,,https://doi.org/10.1242/jeb.252217,https://doi.org/10.1242/jeb.252217,DOI,success,,unavailable_no_pmc,,
42703757,The Experiences and Perceptions of Organizational Support Among Chinese Nurses Following Work-Related Musculoskeletal Disorders: A Qualitative Descriptive Study.,"BACKGROUND: Work-related musculoskeletal disorders (WMSDs) are highly prevalent among nurses in China and can affect nurses' health, work ability, professional identity, and retention. Although Organizational Support Theory suggests that perceived organizational support shapes employees' post-injury attitudes and behaviours, little qualitative evidence explains how Chinese nurses interpret organizational responses after WMSDs, especially in the context of high clinical workloads and staffing pressure.
OBJECTIVE(S): To explore and describe the experiences and perceptions of organizational support among Chinese nurses following WMSDs.
DESIGN: A qualitative descriptive study.
METHODS: Twenty-four Chinese registered nurses from five tertiary hospitals who had taken sick leave or sought medical care for WMSDs in the past two years were recruited via purposive sampling. Data were collected through semi-structured, one-on-one, in-depth interviews, with each participant completing one interview between January and June 2025. Data were analysed using Braun and Clarke's six-stage thematic analysis.
RESULTS: Three core themes emerged: (1) Navigating between ambiguous formal systems and crucial informal support, which revealed nurses' struggles between indifferent official procedures and a reliance on personal networks; (2) The chasm between perceived value and organizational actions, which highlighted the discrepancy between the organization's professed 'care' and the transactional, punitive measures nurses actually experienced; and (3) Long-term ramifications of inadequate support on professional identity and career trajectory, which illustrated how poor support experiences eroded organizational loyalty, fostered turnover intentions, and ultimately destabilized their professional foundation.
CONCLUSIONS: Organizational support for Chinese nurses following WMSDs was fragmented, reactive, and insufficient, with formal procedures often failing to match the responsiveness of informal peer and manager support. These findings emphasize the need for nursing leaders and hospital administrators to develop structured return-to-work pathways, protect injured nurses from financial and career penalties, and strengthen ergonomic prevention as part of workforce retention strategy.
PATIENT OR PUBLIC CONTRIBUTION: No patients or members of the public were involved in the design or conduct of this study. The research focused on the professional experiences of registered nurses, who contributed as participants through one-on-one interviews and assisted in the validation of findings through member checking.
IMPLICATIONS FOR THE PROFESSION AND/OR PATIENT CARE: This study clarifies how nurses' post-injury experiences are shaped by the gap between informal relational support and formal organizational systems. For nursing practice and management, the findings suggest that reliance on informal peer support is unsustainable and may intensify guilt, presenteeism, and risk to patient care. Standardized phased return-to-work programmes, protection from punitive performance-pay consequences, nurse-manager training, and investment in ergonomic equipment are practical steps for maintaining a healthy and stable nursing workforce.
IMPACT: What problem did the study address? This study addressed the lack of in-depth qualitative evidence regarding how Chinese nurses experience and perceive organizational support following WMSDs, particularly within the context of systemic nursing shortages. What were the main findings? The study identified a 'fractured' support system where formal bureaucratic procedures often fail to recognize individual suffering, forcing nurses to rely on precarious informal networks. This inadequacy severely erodes organizational loyalty, professional identity, and significantly increases turnover intentions. Where and on whom will the research have an impact? These findings will impact hospital administrators and nursing leaders by providing a roadmap for reforming occupational health policies. It also serves as a critical reference for health policymakers to develop national guidelines for managing occupational injuries in healthcare settings.",2026,journal_pub_date,Nursing open,Journal Article,https://pubmed.ncbi.nlm.nih.gov/42703757/,,https://doi.org/10.1002/nop2.70793,https://doi.org/10.1002/nop2.70793,DOI,success,,unavailable_no_pmc,,
42703749,Impact of collimator misalignments on dosimetric robustness in proton minibeam radiotherapy using an automated measurement setup.,"BACKGROUND: Proton minibeam radiation therapy is an emerging technique that combines the tissue-sparing benefits of protons with the spatial modulation used for minibeams to reduce toxicity in healthy tissue. Achieving accurate delivery of planned dose distributions depends on precise collimator-to-beam alignment, for which it is essential to understand the behavior of both multi-slit and single-slit configurations. Understanding single-slit behavior is particularly important, as it also linearly affects the heterogeneity (peaks and valleys) of the overall minibeam. While several studies have investigated misalignment effects with multi-slit collimators, there is limited experimental characterisation of single-slit behavior and its impact on multi-slit arrays.
PURPOSE: This study aims to quantify the dosimetric effects of translational and rotational collimator-to-beam misalignments for single-slit proton minibeams using our in-house automated measurement setup. Additionally, the robustness of lateral dose profiles for minibeam arrays will be investigated under varying collimator misalignments.
METHODS: A single slit collimator with 150 M e V protons was used to produce a single minibeam with adjustable collimator slit widths (0.4 and 0.7 m m ). We introduced rotational and translational misalignments using motorized stages. We developed a quick measurement setup to measure lateral profiles using a microDiamond detector. The lateral profiles were measured at depths of 1 and 13 c m using a water-equivalent phantom. We validated the setup by comparing the measurements to gafchromic film measurements using local gamma analysis. A custom fitting model combining two Gaussians and a Lorentzian was developed to fit the lateral profiles. From the fitted profiles, we determined the maximum dose, the lateral position of maximum dose, the full width at half maximum, and the symmetry. Minibeam arrays were simulated via superposition of single-slit profiles. Specific misalignment combinations were measured for 140, 160, and 170 M e V protons, energies typically used in the clinic for deep seated tumours, to assess how misalignments affect the minibeam at different energies.
RESULTS: Rotational misalignments caused substantial asymmetry and peak dose reductions up to 68.4% at shallow depths, with asymmetry reducing at greater depths. Translational shifts resulted in a translation of the minibeam profile in the same direction and magnitude without changing the minibeams shape. Despite these distortions, simulated minibeam arrays achieved acceptable dose homogeneity at 13 c m depth for central 80% field-widths with flatness below a 3% threshold. The proposed measurement setup enabled profile acquisition of a single minibeam in under one minute with submillimetre resolution and strong agreement with gafchromic film (3%/ 0.2 m m gamma pass rates of 100%).
CONCLUSIONS: Collimator misalignments substantially affect the minibeam dose robustness and should be considered in clinical treatment planning and quality assurance (QA). The presented measurement setup enables, rapid, high-resolution profile measurements using commercially available detectors and can facilitate routine clinical QA.",2026,journal_pub_date,Medical physics,Journal Article,https://pubmed.ncbi.nlm.nih.gov/42703749/,,https://doi.org/10.1002/mp.70671,https://doi.org/10.1002/mp.70671,DOI,success,,unavailable_no_pmc,,
42703746,"Mechanistic Insights Into Cholinergic, Neurotrophic, and Glutamatergic Pathways in Fluoride Neurotoxicity.","This study investigated the molecular and histopathological mechanism(s) contributing to fluoride induced neurotoxicity in male and female rats, focusing on dysregulation of cholinergic, neurotrophic, glutamatergic pathways and the accompanying structural alterations in the brain tissue. Forty male and female rats were administered sodium fluoride in water at concentrations (ppm) of 0.5 (control), 50 (low), 150 (medium), and 300 (high dose) for 90 days. The mRNA expression levels of cholinergic markers (acetylcholinesterase-AChE, butyrylcholinesterase-BChE), the brain derived neurotrophic factor (BDNF) and the metabotropic glutamate receptor 5 (mGluR5) were quantified using RT-qPCR, and histopathological alterations of different regions of brain was assessed by hematoxylin and eosin (H&E) staining. Chronic NaF exposure resulted dose-dependent neurodegenerative changes in the hippocampal CA1, CA3, and dentate gyrus (DG) regions, characterized by neuronal shrinkage, pyknosis, vacuolization, and spongiosis. The histopathological lesions were more pronounced in male rats than in females. Chronic fluoride exposure also resulted in a dose-dependent decrease of blood AChE (1.09-0.604 mU/mL) and BChE (0.575-0.311 mU/mL) activities in both genders. Furthermore, chronic NaF exposure significantly down-regulated the expression of AChE, BDNF, and mGluR5 in fluoride-treated groups compared to controls. These findings demonstrate that prolonged NaF exposure disrupts cholinergic, neurotrophic, and glutamatergic signaling pathways, thereby contributing to neurotoxicity and potential neurodegeneration. Collectively, this mechanistic evidence underlines the importance of public health to monitor environmental fluoride exposure and highlight the potential for therapeutic strategies targeting cholinergic, neurotrophic and glutamatergic pathways to mitigate fluoride-induced neuronal injury.",2026,journal_pub_date,Journal of biochemical and molecular toxicology,Journal Article,https://pubmed.ncbi.nlm.nih.gov/42703746/,,https://doi.org/10.1002/jbt.71095,https://doi.org/10.1002/jbt.71095,DOI,success,,unavailable_no_pmc,,
42703740,Dual-branch MRI denoising and motion artifact suppression with uncertainty estimation and segmentation-based evaluation.,"BACKGROUND: Magnetic resonance (MR) images are essential for clinical diagnosis, yet their quality is often compromised by noise and motion artifacts, potentially obscuring anatomical details and reducing diagnostic accuracy. Existing deep learning approaches frequently address denoising and motion artifact suppression as separate tasks, overlook pixel correlations and varying noise levels, require manual parameter tuning, and lack uncertainty evaluation, thus limiting their practical utility in clinical settings.
PURPOSE: This study aims to develop a Dual-branch MRI Denoising and Motion Artifact Suppression with Uncertainty Estimation and Segmentation-based Evaluation (DbUSNet). The model is designed to adaptively handle varying noise and motion artifact levels, preserve complex structural details, and provide uncertainty estimates for the processed outputs. This may offer insights into downstream clinical tasks such as image segmentation.
METHODS: The DbUSNet integrates two specialized branches: A Heterogeneous Window Transformer Network (HWTNet) for adaptive denoising using both local and global feature modeling, and an improved U-Net based Motion Artifact Suppression Network (ASNet). Each branch is coupled with an estimation subnetwork-Noise Estimation Subnetwork (NES) and Artifact Estimation Subnetwork (AES)-to dynamically assess and adapt to input specific degradation levels. The outputs of both branches are fused via an attention-based fusion module. Uncertainty is quantified during inference using Monte Carlo (MC) dropout. The model was trained and tested on brain MR scans from Brats2021 dataset (2000 samples), OpenNeuro dataset (22 samples), and MR-ART dataset (148 samples), incorporating synthetic Rician noise and motion artifacts. Downstream segmentation performance was evaluated on the Medical Segmentation Decathlon (MSD) brain dataset (1666 samples) and a prostate MR dataset (203 samples).
RESULTS: On the Brats2021, OpenNeuro, and MR-ART testsets, DbUSNet achieved PSNR of 28.23 dB, 27.13 dB, and 27.83 dB, SSIM of 0.93, 0.91, and 0.92, NMSE of 0.08, 0.08, and 0.08, respectively. For the downstream segmentation task, the denoised and motion artifact suppressed outputs led to average Dice score improvements of 3.10%, 3.59%, 2.46%, and 2.15% for T1, T1ce, FLAIR, and T2 modalities in the MSD brain dataset, and 2.16% and 2.24% for T2 and ADC sequences in the prostate dataset.
CONCLUSION: The DbUSNet framework jointly performs adaptive denoising and motion artifact suppression within a unified pipeline and enables pixel-wise uncertainty quantification. Evaluations on controlled brain MRI datasets show consistent image quality gains and improved downstream segmentation performance, though the limited size and healthy-only composition of real motion test cohorts restrict wide clinical extrapolation. This work delivers a feasible technical prototype for MR image enhancement; larger, diverse clinical patient datasets will be required to further validate its clinical utility.",2026,journal_pub_date,Medical physics,Journal Article,https://pubmed.ncbi.nlm.nih.gov/42703740/,,https://doi.org/10.1002/mp.70662,https://doi.org/10.1002/mp.70662,DOI,success,,unavailable_no_pmc,,
42703731,"Results From a Phase 2, Open-Label Study Evaluating the Safety, Tolerability, and Effect on Ataxia of GLM101 in Three Adult Patients With PMM2-CDG.","Phosphomannomutase 2 congenital disorder of glycosylation (PMM2-CDG) is a rare, autosomal recessive disease caused by PMM2 deficiency, which impairs conversion of mannose-6-phosphate into mannose-1-phosphate (M1P) and disrupts N-linked glycosylation. It typically results in a multisystem disorder in which a prominent cerebellar syndrome, characterized by ataxia among other clinical manifestations, can be assessed using the International Cooperative Ataxia Rating Scale (ICARS). GLM101 is a liposomal M1P substrate replacement therapy in clinical development. We present results conducted both within and outside the protocol-defined schedule from three adult patients enrolled in a Phase 2 study evaluating the efficacy, safety, and tolerability of GLM101 (NCT05549219). PMM2-CDG patients received weekly infusions of 30 mg/kg GLM101 for 24 weeks. Ataxia was measured by ICARS as standard of care. Absolute and percent change from baseline were calculated. Additional results reported include global impression of change scales (caregiver and clinician) and safety. Three adult patients (1 M, 2 F) completed 24 weeks of treatment. The mean (SD) baseline ICARS was 50.7 (19.0) and mean (SD) change from baseline was -14.0 (7.2) and -17.7 (3.1) at Weeks 12 and 24, respectively. Improvements were seen across all ICARS subdomains. All patients and clinicians reported global clinical improvement. GLM101 was well tolerated with no serious adverse events. Infusion-associated reactions were reported in one patient, with no need to interrupt the therapy. Safety findings showed no adverse trends. In conclusion, GLM101 was well tolerated and demonstrated potential for meaningful clinical benefit. These findings support continued evaluation of GLM101 in patients with PMM2-CDG.",2026,journal_pub_date,Journal of inherited metabolic disease,"Journal Article; Clinical Trial, Phase II",https://pubmed.ncbi.nlm.nih.gov/42703731/,,https://doi.org/10.1002/jimd.70240,https://doi.org/10.1002/jimd.70240,DOI,success,,unavailable_no_pmc,,
42703728,"Rhapontigenin Alleviates Sepsis-Associated Acute Kidney Injury and Is Accompanied by Modulation of Ferroptosis, Inflammation, and NF-κB Signaling.","Sepsis-associated acute kidney injury (SA-AKI) is a common complication in critically ill patients and is associated with high mortality. Evidence suggests that ferroptosis-related lipid peroxidation and inflammatory responses contribute to renal injury. The potential effects of rhapontigenin (Rha), a natural compound with antioxidant and anti-inflammatory properties, have not been directly examined in SA-AKI. HK-2 cells were pretreated with Rha for 3 h, followed by stimulation with 10 ng/mL LPS for 24 h to establish an in vitro sepsis-associated injury model. Cell viability was assessed by CCK-8. Ferroptosis-related changes were evaluated by measuring GPX4 and xCT expression, intracellular Fe2+, ROS, MDA, and BODIPY-C11-detected lipid ROS. Erastin and ferrostatin-1 (Fer-1) were used for pharmacological intervention. Inflammatory cytokines (IL-1β, IL-6, and TNF-α) were quantified by ELISA. NF-κB activation was assessed by the p-NF-κB/NF-κB and p-IκBα/IκBα ratios and p65 nuclear localization, with RANKL used as an NF-κB activator. In vivo, male C57BL/6J mice underwent cecal ligation and puncture (CLP) to induce SA-AKI. The effects of Rha on kidney histology, renal injury markers, ferroptosis-related indices, inflammatory cytokines, and NF-κB signaling were evaluated. The IC50 of Rha was not reached within the tested concentration range of 0-80 μM. Rha at 5-40 μM did not significantly affect basal HK-2 cell viability, whereas 80 μM caused a slight decrease. Rha treatment at 20 and 40 μM increased cell viability, decreased intracellular Fe2+, ROS, MDA, and lipid ROS levels, and increased GPX4 and xCT expression in LPS-treated HK-2 cells. Rha also reduced erastin-induced Fe2+ accumulation, while Fer-1 decreased Fe2+ and ROS levels and increased GPX4 and xCT expression in LPS-treated cells. In addition, Rha lowered IL-1β, IL-6, and TNF-α levels and reduced NF-κB phosphorylation and p65 nuclear localization. RANKL partially reversed the effects of Rha on p65 nuclear localization, cell viability, Fe2+ accumulation, ROS production, and inflammatory cytokine levels. In CLP mice, Rha at 25 and 50 mg/kg reduced serum NGAL, KIM-1, Scr, and BUN levels and decreased renal Fe2+, MDA, and inflammatory cytokine levels. The kidney injury score was significantly reduced at 50 mg/kg. Rha alleviated experimental SA-AKI, accompanied by reductions in ferroptosis-related changes, inflammatory responses, and NF-κB activation.",2026,journal_pub_date,Journal of biochemical and molecular toxicology,Journal Article,https://pubmed.ncbi.nlm.nih.gov/42703728/,,https://doi.org/10.1002/jbt.71096,https://doi.org/10.1002/jbt.71096,DOI,success,,unavailable_no_pmc,,
42703723,Sclareol Inhibit Cell Growth and Induces Apoptosis via Activation of p53/p21 Signaling Pathways in Human Oral Squamous Cell Carcinoma Cells.,"One of the most common prevalent forms of cancer in the world is oral squamous cell carcinoma (OSCC). In the present study, we explore the chemotherapeutic effect of Sclareol on human oral carcinoma KB cells in scientifically found that cellular and molecular alterations. The human oral carcinoma KB cell and African green monkey kidney normal cell line (Vero) were evaluated for a several types of investigations following they had been various concentrations of Sclareol (5-50 µM) and cisplatin (0-10 µM) for 24 h. Additionally, we exhibited that sclareol induces cytotoxicity effect by MTT assay, Reactive oxidative stress (ROS) was measured by DCFH-DA staining assay, loss of mitochondrial membrane potential (Δψm) was assessed by Rho123 staining method, nuclear condensation, and apoptotic morphological changes was investigated by DAPI and AO/EtBr staining in KB cells. Sclareol promoted oxidative stress via an imbalance in redox status and increased DNA damage in human oral carcinoma KB cells. Besides, Sclareol induces apoptosis by activating dependent p21waf1/cip1, thereby down-regulating the expression levels of phosphorylation of Rb (ser 780), cyclin D1, and cyclin-E. Furthermore, it is associated with mitochondrial-mediated apoptotic and proapoptotic markers, as evidenced by the downregulated Bcl-2 protein and the upregulation of (Bax, Cytochrome C, Cleaved PARP, Cleaved Caspase and Caspase-9 &-3) induced apoptosis signaling through p53 independent pathways. Therefore, our present study findings suggest that Sclareol could be the productive new chemotherapeutic agent for against oral squamous cell carcinoma.",2026,journal_pub_date,Journal of biochemical and molecular toxicology,Journal Article,https://pubmed.ncbi.nlm.nih.gov/42703723/,,https://doi.org/10.1002/jbt.71106,https://doi.org/10.1002/jbt.71106,DOI,success,,unavailable_no_pmc,,
42703722,Assessment of Enterococcus faecalis biofilm response to amoxicillin and ciprofloxacin using a dynamic in vitro pharmacokinetic-pharmacodynamic model of catheter-associated urinary tract infection.,"BACKGROUND: Catheter-associated urinary tract infections (CAUTIs) are among the most common types of healthcare-associated infections. Among uropathogens, Enterococcus faecalis is particularly notable for its strong capacity to form biofilms on urinary catheters, thereby decreasing its susceptibility to antibiotics commonly used to treat CAUTIs. However, current antibiotic dosing strategies still rely on planktonic phenotypes, limiting their applicability to biofilm-associated infections. To address this limitation, a dynamic in vitro pharmacokinetic-pharmacodynamic model was developed to assess E. faecalis biofilms' response to different treatment regimens.
METHODS: Biofilms of model E. faecalis strains (ATCC 29212 and 54) were preformed on urinary catheters. Mature biofilms were subjected to simulated urinary dosing regimens of amoxicillin (500 mg q12h for 3 days) or ciprofloxacin (500 mg q24h for 3 days), as well as to constant antibiotic concentrations for 3 days. Viable bacterial counts and biofilm biomass were then measured at predefined timepoints, and the effects of the simulated dosing regimens were compared to those observed under constant antibiotic exposure.
RESULTS: Our findings indicate that daily ciprofloxacin demonstrated the greatest antibacterial activity, significantly surpassing the effects of constant ciprofloxacin exposure, twice-daily dosing of amoxicillin, and constant amoxicillin exposure. Although the simulated amoxicillin regimen was more effective than constant amoxicillin exposure, both achieved only moderate reductions. Notably, constant amoxicillin exposure induced biofilm formation. Ciprofloxacin exhibited markedly greater antibiofilm activity than amoxicillin against both E. faecalis strains. Among the evaluated regimens, CIP 500 mg q24h produced the most pronounced reduction in biofilm bacterial burden, achieving decreases exceeding 3 log10 cfu/cm2 in both strains after 72 h of exposure.
CONCLUSIONS: The findings show that antibiotic efficacy against E. faecalis biofilms depends on the antibiotic and its dosing regimen, with fluctuating ciprofloxacin exposure producing the strongest bactericidal effect and biofilm reduction.",2026-09-01,journal_pub_date,The Journal of antimicrobial chemotherapy,Journal Article,https://pubmed.ncbi.nlm.nih.gov/42703722/,,https://doi.org/10.1093/jac/dkag311,https://doi.org/10.1093/jac/dkag311,DOI,success,,unavailable_no_pmc,,
42703721,Food-related sponsorship of children's sports clubs in two Canadian policy environments: a survey of sports club representatives.,"This study characterized the food-related companies that sponsor children's sports clubs in two Canadian policy environments and described the benefits of this sponsorship for both clubs and sponsors. Representatives from 349 sports clubs in the province of Ontario (ON; where there are no mandatory advertising regulations) and 182 clubs in Quebec (QC; where there are mandatory limits on sponsorship-related advertising directed at children aged <13 years) were invited to complete an interviewer-administered survey in 2022-3. The response rate was 16%. At least 45% of participating clubs in ON (21/47) and 55% in QC (22/40) were sponsored by a food-related company. The most frequent type of food-related sponsor was fast food restaurants (ON: 50% of food-related sponsors, QC: 38%). The most common benefit received from food-related sponsors included direct funding (ON: 21% of clubs; QC: 25%) and in-kind benefits such as uniforms (ON: 19%, QC: 18%) and free/discounted food (ON: 15%, QC: 28%). Among clubs who received these benefits, their value was small relative to club's total revenue (i.e. ≤1% for funding; ≤1.5% for in-kind benefits) in most cases. Food-related sponsors were often promoted on uniforms and sports awards, particularly those for children aged ≤12 years (ON: 23% and 13% of clubs and QC: 28% and 18%, respectively). Overall, children are exposed to advertising stemming from food company sponsorship in both policy environments. The value of benefits derived from this sponsorship was minimal in most cases. QC's restrictions do not appear to be limiting prominent forms of food advertising (e.g. branded uniforms) that reach children aged <13 years.",2026-09-01,journal_pub_date,Health promotion international,Journal Article,https://pubmed.ncbi.nlm.nih.gov/42703721/,,https://doi.org/10.1093/heapro/daag121,https://doi.org/10.1093/heapro/daag121,DOI,success,,unavailable_no_pmc,,
42703720,Turning the tables on industry narratives: a health communication playbook for promoting health.,"Industries producing harmful products such as tobacco, alcohol, ultra-processed foods, and fossil fuels use highly developed communication strategies to shape public opinion, influence policy, and protect their markets. These 'playbooks' rely on recurring tactics, including framing harms as matters of personal choice, promoting innovation narratives, manufacturing doubt, delaying regulation, and obscuring human consequences. While public health has increasingly recognized these strategies, responses have often been fragmented and reactive. This paper argues that health promotion requires a practical communication playbook that complements existing strategic approaches by focusing on real-time tactical responses. Drawing on cross-sector evidence and the authors' experience in public health policy and advocacy, we identify six core tactics: reframing choice as freedom from manipulation; shifting attention from innovation to accountability; pre-emptive prebunking of misleading narratives; amplifying scientific consensus while explaining uncertainty; responding with speed, unity, and accessible tools; and humanizing harms through stories and visuals. These tactics are supported by policy and system-level measures, including stronger regulatory safeguards, systematic monitoring of industry narratives, and coordinated cross-border infrastructure for intelligence and rapid response. Together, these elements form a practical framework for moving public health from reactive rebuttal to proactive narrative leadership. The paper highlights the need for greater preparedness, coordination, and investment in communication capacity, arguing that effective health promotion depends not only on evidence and policy but also on the ability to shape and sustain persuasive public narratives.",2026-09-01,journal_pub_date,Health promotion international,Journal Article,https://pubmed.ncbi.nlm.nih.gov/42703720/,,https://doi.org/10.1093/heapro/daag130,https://doi.org/10.1093/heapro/daag130,DOI,success,,unavailable_no_pmc,,
42703719,Underfunded and undervalued: community-based health promotion practitioners' experiences of Western Australia's prevention sector.,"Prevention is a central policy focus of contemporary health promotion, offering cost-effective strategies to reduce disease burden and improve population well-being. Despite this, Australia allocates a small proportion of its health budget to prevention, with funding models characterized by short-term cycles and competitive tendering. While the consequences for public health are well documented, the impact on the health promotion workforce remains underexplored. Workforce health and stability are critical for program delivery, ethical practice, continuity of relationships with communities, and the capacity to sustain long-term prevention efforts. This qualitative study examined the experience of 19 community-based health promotion practitioners in Western Australia (WA), working primarily in nongovernment, local government, and private prevention settings. In-depth interviews, analyzed using codebook thematic analysis, identified four interconnected themes: persistent funding shortages and inter-agency competition; short-term, cyclical funding and administrative burden; perceived prioritization of treatment over prevention; and consequences for workforce well-being, program continuity, and ethical decision-making. Findings reveal that funding instability undermines program sustainability and creates job insecurity, stress, and attrition, while also generating ethical dilemmas and a paradox in which practitioners tasked with promoting health work under conditions that erode their own health, well-being, and professional values. This study contributes qualitative insight into how funding structures are experienced and negotiated by community-based prevention practitioners. It has the potential to inform policy and funding reforms to strengthen and support a more sustainable health promotion workforce.",2026-09-01,journal_pub_date,Health promotion international,Journal Article,https://pubmed.ncbi.nlm.nih.gov/42703719/,,https://doi.org/10.1093/heapro/daag125,https://doi.org/10.1093/heapro/daag125,DOI,success,,unavailable_no_pmc,,
42703718,Understanding barriers to systems change among regional Western Australian food security initiative leaders.,"Food security (FS) is a complex, 'wicked' issue involving regular and reliable physical, social, and economic access to food. People living in geographically isolated areas are disproportionately affected by FS challenges and addressing these issues demands a systems-based approach. The Food Community project has implemented an adapted Systemic Innovation Lab (SIL) approach to support FS initiatives operating across rural, regional, and remote Western Australia to enhance their effectiveness. This paper aimed to identify what FS initiative leaders perceive as barriers to delivering their services, in relation to undertaking activities that align with the 36 systems change characteristics embedded within the nine Focus Areas of the SIL approach. Qualitative, semi-structured interviews were conducted between December 2022 and November 2023 with leaders of FS initiatives servicing inner regional, outer regional, and very remote townships of Western Australia. Ninety-four interviews were conducted with 101 initiative leaders. Initiative leaders were least likely to undertake activities that aligned with the systems change characteristics within Focus Areas 6-9, which relate to government-community engagement. This paper presents the barriers initiative leaders identified across the least-possessed systems change characteristics across all nine Focus Areas, with a specific focus on Focus Areas 6-9. Initiative leaders identified barriers to strategic engagement with government, including limited opportunities, a perceived lack of interest from government, and challenges to undertaking advocacy. Strengthening government-community interaction on FS requires support, such as through toolkits and guides, to build initiative leaders' advocacy skills and capacity to strategically engage with government representatives.",2026-09-01,journal_pub_date,Health promotion international,Journal Article,https://pubmed.ncbi.nlm.nih.gov/42703718/,,https://doi.org/10.1093/heapro/daag138,https://doi.org/10.1093/heapro/daag138,DOI,success,,unavailable_no_pmc,,
42703700,Daily assessments of behavioral economic indices and drinking among rural-residing adults with at-risk drinking.,"In a secondary analysis among adults with at-risk drinking who live in rural areas (N = 75; 62.7% Female; 98.7% White), we examined the predictive ability of behavioral economic (BE) indices (demand, delay discounting, and proportion of alcohol-free activities) for next-day alcohol use via daily surveys across the range of alcohol use severity. These relations were tested using linear mixed-effects models, including evaluating the interaction of BE indices with alcohol use severity. In unadjusted analyses, proportion of alcohol-free activities (β [95% CI]: -0.022 [-0.038, -0.006]), demand intensity (i.e., drinks when free; β [95% CI]: 0.267 [0.143, 0.391]), and maximum expenditure (Omax, β [95% CI]: 0.036 [0.014, 0.059]) were significant predictors of next-day alcoholic drinks consumed. In adjusted analyses, we observed a significant interaction between baseline alcohol use severity and intensity of alcohol demand (β [95% CI]: -0.014 [-0.027, -0.001]) and Omax (β [95% CI]: 0.005 [0.000, 0.010]) wherein there was a stronger relations between the BE measure and next-day drinking among lower and higher alcohol use severities, respectively. These results support the inclusion of BE measures in daily survey research to support digital and potentially just-in-time adaptive interventions.",2026,journal_pub_date,Journal of the experimental analysis of behavior,Journal Article,https://pubmed.ncbi.nlm.nih.gov/42703700/,,https://doi.org/10.1002/jeab.70141,https://doi.org/10.1002/jeab.70141,DOI,success,,unavailable_no_pmc,,
42703690,The association between commute time and both presenteeism and absenteeism: a cross-sectional analysis of the 6th Korean Working Conditions Survey.,"BACKGROUND: This study examined whether longer commute time is associated with presenteeism and absenteeism among Korean wage workers, in the context of Korea's comparatively long commutes and growing concerns about work-related productivity loss in an increasingly urbanized society.
METHODS: We analyzed 28,349 wage workers from the 6th Korean Working Conditions Survey, excluding individuals younger than 20 years, foreign nationals, telecommuters, self-employed workers, unpaid family workers, and those with missing or incomplete data. Commute time was categorized into ≤60, 61-120, and ≥121 minutes per day. Presenteeism was defined as having worked while sick in the past 12 months (or since starting the current job), and absenteeism as having at least one day of sickness-related absence during the same period. Sex-stratified, survey-weighted multiple logistic regression analyses were performed to estimate odds ratios and 95% confidence intervals while accounting for the complex survey design.
RESULTS: Overall, 82.1% of workers reported commuting ≤60 minutes, 11.2% reported presenteeism, and 3.9% reported absenteeism. Among men, commute times of 61-120 and ≥121 minutes were associated with higher odds of presenteeism, and ≥121 minutes with higher odds of absenteeism compared with ≤60 minutes. Among women, commute times of 61-120 and ≥121 minutes were associated with higher odds of presenteeism, and ≥121 minutes with higher odds of absenteeism, indicating a similar but slightly more pronounced pattern.
CONCLUSIONS: Longer commute times were associated with increased odds of both presenteeism and absenteeism among Korean wage workers. In particular, women with commute times of ≥121 minutes showed higher odds of presenteeism than men. Commute time should be recognized as a modifiable factor relevant to occupational health in workplace and public policy, and further longitudinal research is needed to clarify causal pathways and to inform targeted interventions aimed at reducing commuting-related productivity loss.",2026-07-21,article_date,Annals of occupational and environmental medicine,Journal Article,https://pubmed.ncbi.nlm.nih.gov/42703690/,,https://doi.org/10.35371/aoem.2026.38.e31,https://doi.org/10.35371/aoem.2026.38.e31,DOI,success,,unavailable_no_pmc,,
42703678,Epigenetic Changes Associated With a Phenotypic Transition in Namibian Cheetahs.,"In populations with low genetic diversity, the capacity to adapt to environmental change is limited. While epigenetic mechanisms can generate phenotypic plasticity, their role in mediating adaptive life-history transitions in the wild is largely unknown. Here, we show that in adult Namibian cheetahs (Acinonyx jubatus jubatus), a species with remarkably low genetic diversity, the transition from a floater to a male holding a territory is associated with widespread DNA methylation changes, with a predominance of hypermethylation in territorial males. Using paired blood samples collected from the same individuals before and after becoming territorial, we identified differentially methylated genes which function in pathways related to anatomical and head development, brain development and neurodevelopment, cAMP biosynthesis and ion channel transport, consistent with the observed phenotypic shifts in morphology, spatial movement and aggressive behaviour. These findings suggest that DNA methylation mediates this life-history transition at the molecular level. More broadly, they provide rare evidence that epigenetic regulation is relevant in phenotypic diversity within species with low genetic diversity, potentially supporting adaptive potential at the population level.",2026,journal_pub_date,Molecular ecology,Journal Article,https://pubmed.ncbi.nlm.nih.gov/42703678/,,https://doi.org/10.1111/mec.70527,https://doi.org/10.1111/mec.70527,DOI,success,,unavailable_no_pmc,,
42703671,Experimental and Computational Tools for Mapping Circular RNA Modifications.,"Posttranscriptional RNA modifications and their impact on the structure and function have been extensively studied on linear RNAs. As RNA modifications affect RNA structure, stability, localization, and translation, several methods have been developed to study modifications on linear RNAs. These modifications on RNAs ultimately regulate gene expression. One of the poorly characterized classes of RNA critical for gene expression is circular RNAs (circRNAs), which are ubiquitously expressed and are covalently closed RNA molecules. Although advances in sequencing technologies have greatly enhanced the identification of RNA modifications and their importance in gene regulation, the effects of these modifications on circRNA structure and function are only now emerging. Only a few modifications, like N6-methyladenosine (m6A), 5-methylcytosine (m5C), adenosine-to-inosine (A-to-I), and to a lesser extent N1-methyladenosine (m1A), have been reported so far for circRNAs. In this article, we discuss the importance of these modifications and their implications in circRNA function. Moreover, we will discuss molecular and computational methods for detecting circRNA modifications, to help researchers studying circRNAs select the most effective methods for investigating modifications in this novel class of circRNAs.",2026,journal_pub_date,Wiley interdisciplinary reviews. RNA,Journal Article; Review,https://pubmed.ncbi.nlm.nih.gov/42703671/,,https://doi.org/10.1002/wrna.70055,https://doi.org/10.1002/wrna.70055,DOI,success,,unavailable_no_pmc,,
42703670,Predictors of surgical intervention and timing of ileus presentation in patients with adhesive small bowel obstruction.,"BACKGROUND: Adhesive small bowel obstruction remains a common long-term complication following abdominal surgery and continues to represent a significant cause of morbidity and healthcare utilization. While several factors contributing to adhesion formation have been described, determinants influencing both the need for surgical intervention and the timing of clinical presentation are not yet fully understood. This study aimed to identify factors associated with surgical management in patients presenting with adhesive ileus after a single prior abdominal operation and to evaluate the relationship between operative duration and the timing of ileus onset.
METHODS: This retrospective study included 450 patients (n=450) diagnosed with adhesive ileus at a tertiary care center between January 1, 2021 and January 1, 2026. Patients with mechanical obstruction or multiple prior abdominal surgeries were excluded. Patients were categorized into operative (n=302) and conservative (n=148) management groups. Baseline characteristics, including age, sex, and American Society of Anesthesiologists scores, were comparable between groups (p>0.05). Clinical variables such as type of prior surgery, operative duration, surgical approach, contamination status, and time to ileus presentation were analyzed. Statistical analyses included an independent samples t-test, Chi-square test, Pearson correlation analysis, and multivariate logistic regression.
RESULTS: Of the 450 patients, 302 (67.1%) required surgical intervention. Operative duration was significantly longer in the operative group compared to the conservative group (4.3±1.8 vs. 3.1±1.6 h, p=0.003). Open surgery (75% vs. 52%, p=0.037) and contaminated surgical fields (78% vs. 60%, p=0.030) were more frequent in the operative group. The time to ileus presentation was significantly shorter in patients requiring surgery (5.5±1.9 vs. 6.8±2.1 months, p=0.002). A significant inverse relationship was observed between operative duration and time to ileus presentation (r=-0.32, p<0.05).
CONCLUSION: Operative duration, surgical approach, and intraoperative contamination are important determinants of surgical management in adhesive ileus. The inverse relationship between operative duration and time to presentation suggests that increased surgical burden may contribute to an earlier onset of clinically significant obstruction. These findings highlight the potential value of surgical factors in risk stratification and post-operative surveillance.",2026,journal_pub_date,Ulusal travma ve acil cerrahi dergisi = Turkish journal of trauma & emergency surgery : TJTES,Journal Article,https://pubmed.ncbi.nlm.nih.gov/42703670/,,https://doi.org/10.14744/tjtes.2026.99662,https://doi.org/10.14744/tjtes.2026.99662,DOI,success,,unavailable_no_pmc,,
42703669,Comparison of analgesic treatments used for ankle sprains in the emergency department.,"BACKGROUND: Ankle sprains (ASs) account for approximately 5% of emergency department visits and 40% of all sports-related injuries, causing significant pain and restriction in the range of motion (ROM). This study aims to observe the clinical outcomes of early administration of intravenously administered paracetamol, ibuprofen, and dexketoprofen, which are frequently used in emergency department practice for ASs. For this purpose, pain monitoring and ROM measurements were performed to demonstrate the effectiveness of early functional analgesia.
METHODS: This prospective, randomized, double-blind study was conducted between December 2023 and May 2024 on patients diagnosed with grade 1-2 ASs in the emergency department. Patients were divided into three groups and received intravenous dexketoprofen (Group D, n=52), paracetamol (Group P, n=52), and ibuprofen (Group I, n=51). Pain assessment was performed using the numeric rating scale (NRS) and the Wong-Baker FACES Pain Scale (WBS). ROM was evaluated by measuring dorsiflexion ROM (d-ROM) and plantar flexion ROM (p-ROM) angles using a semicircular goniometer. Pre-treatment and 1-h post-treatment measure-ments were compared.
RESULTS: In the post-treatment pain assessment, no significant difference was observed between the groups in terms of NRS scores (p=0.352); however, Group I had the lowest WBS scores (p<0.001). Nevertheless, in all three groups, post-treatment pain scores (NRS and WBS) were significantly lower compared to pre-treatment values (p<0.001). Regarding ROM, pre-treatment d-ROM and p-ROM values were similar among the groups (p=0.196) and p=0.287, respectively). Post-treatment measurements revealed that d-ROM was lower in Group I (p=0.034), whereas p-ROM was higher (p=0.011). However, in all groups, ROM values significantly improved after treatment compared to baseline (p<0.001). When pre- and post-treatment changes (Δ) in pain scores and ROM values were compared, no statistically significant differences were found between the groups (ΔNRS p=0.264, ΔWBS p=0.965, Δd-ROM p=0.099, Δp-ROM p=0.073).
CONCLUSION: Paracetamol, ibuprofen, and dexketoprofen demonstrated similar efficacy in reducing pain and improving ankle joint ROM during the acute phase of ASs. These findings suggest that the early initiation of analgesic treatment in ASs contributes to clinical recovery.",2026,journal_pub_date,Ulusal travma ve acil cerrahi dergisi = Turkish journal of trauma & emergency surgery : TJTES,Journal Article; Randomized Controlled Trial; Comparative Study,https://pubmed.ncbi.nlm.nih.gov/42703669/,,https://doi.org/10.14744/tjtes.2026.94069,https://doi.org/10.14744/tjtes.2026.94069,DOI,success,,unavailable_no_pmc,,
42703668,"Survival status, mortality predictors, and scores in patients with severe traumatic brain injury in the intensive care unit.","BACKGROUND: Patients with traumatic brain injury (TBI) occupy an important place in intensive care units (ICUs) with high morbidity and mortality rates. The aim of this study was to determine the parameters predictive of mortality as the primary outcome and the distribution of these parameters as a secondary outcome in patients admitted to the ICU with TBI.
METHODS: After ethics committee approval and informed consent of the patient's relatives, TBI patients over 18 years of age treated in the anesthesia and reanimation ICU of our hospital between 2021 and 2023 were retrospectively included in our cohort study. The association and distribution of 18 different parameters, including demographic and clinical characteristics of TBI patients at ICU admission, with mortality were compared. Univariate and multivariate analyses were used to estimate the odds ratio for mortality.
RESULTS: Of the 194 patients included in the study, 80.4% were male, the mean age was 39.1±19.8 years, and the mortality rate was 35,1%. When comparing patients in 2 groups as survivor and non-survivor, patients in non-survivor group had a significantly lower mean Glasgow Coma Scale (GCS) score (5.7±3.1 vs. 10.1±3.1, p<0.001), revised trauma score (RTS) (5.25±2.1 vs. 10.6±2.7), the rate of surgery (33.8% vs. 53.2%, p<0.01), and the rate of epidural hematoma (EDH) (33.8% vs. 53.2%, p<0.01). The mean Acute Physiology and Chronic Health Evaluation II (APACHE II) score (29 vs. 13, p<0.001), the estimated mortality rate based on the mean APACHE II score (55% vs. 12%, p<0.001), the stress index (SI), (62.3±29.5 vs. 42.4±19.2, p<0.001), the rate of intracerebral hematoma/hemorrhage (ICH) (52.9% vs. 30.2%, p<0.01), the rate of skull fracture (80.9% vs. 24.6%, p<0.01), and the rate of intubation (94.1% vs. 60.3%, p<0.01) were found to be higher in non-survivor group. In multivariate analysis, the significant independent predictors of mortality were high APACHE II score (OR: 1.292 [1.192-1.400, p<0.001]), high SI (OR: 0.820 [0.699-0.921], p<0.001), and the presence of concomitant skull fracture (OR: 4.982 [1.894-13.103], p<0.001).
CONCLUSION: our study, high APACHE II score, high SI, presence of skull fracture, low GCS score, low RTS, intubation, and presence of ICH were associated with high mortality, while operability and presence of EDH were associated with low mortality. Therefore, we believe that these parameters should be prioritized when following TBH cases to initiate treatment earlier and prevent high mortality.",2026,journal_pub_date,Ulusal travma ve acil cerrahi dergisi = Turkish journal of trauma & emergency surgery : TJTES,Journal Article,https://pubmed.ncbi.nlm.nih.gov/42703668/,,https://doi.org/10.14744/tjtes.2026.92924,https://doi.org/10.14744/tjtes.2026.92924,DOI,success,,unavailable_no_pmc,,
42703667,Radiographic and clinical factors associated with open reduction in pediatric supracondylar humerus fractures.,"BACKGROUND: The aim of this study was to evaluate demographic and radiographic factors associated with the likelihood of open reduction in pediatric supracondylar humerus fractures (SCHF).
METHODS: A total of 294 pediatric patients with SCHFs treated operatively between 2016 and 2025 were retrospectively reviewed. Patients were divided into two groups: Open reduction (OR, n=128) and closed reduction (CR, n=166). Demographic variables, including age, sex, side of injury, and surgeon experience, were recorded. Radiographic parameters assessed on preoperative anteroposterior and lateral elbow radiographs included fracture type, displacement direction, rotational deformity, diaphyseal involvement, coronal fracture pattern, sagittal fracture pattern, and coronal alignment. Variables with p<0.05 in univariate analysis were included in a multivariable logistic regression model using a backward stepwise method.
RESULTS: The mean age was significantly higher in the OR group compared to the CR group (6.94±2.85 vs. 5.58±2.64 years, p<0.001). Flexion-type fractures were more frequent in the OR group (24.2% vs. 10.2%, p=0.012). Posterolateral displacement and rotational deformity were also significantly associated with open reduction. Coronal alignment differed significantly between groups, with varus and valgus malalignment more common in the OR group (p=0.003). Multivariable logistic regression analysis identified increasing age (OR=1.127, 95% confidence interval [CI]: 1.029-1.236; p=0.010), flexion-type fractures (OR=1.807, 95% CI: 1.261-2.590; p=0.001), and posterolateral displacement (OR=1.39, 95% CI: 1.010-1.926; p=0.043) as independent predictors of open reduction. In contrast, neutral coronal alignment was associated with a lower likelihood of open reduction (OR=0.681, 95% CI: 0.510-0.909; p=0.009).
CONCLUSION: Several demographic and fracture-related characteristics were independently associated with the likelihood of open reduction in pediatric SCHFs. Among these, fracture-related characteristics, particularly displacement pattern and coronal alignment, showed the strongest associations with open reduction. Recognition of these associated factors may assist preoperative planning and help surgeons anticipate technically challenging reductions.",2026,journal_pub_date,Ulusal travma ve acil cerrahi dergisi = Turkish journal of trauma & emergency surgery : TJTES,Journal Article,https://pubmed.ncbi.nlm.nih.gov/42703667/,,https://doi.org/10.14744/tjtes.2026.82524,https://doi.org/10.14744/tjtes.2026.82524,DOI,success,,unavailable_no_pmc,,
42703666,Three-year emergency department analysis of clavicle fractures: Age- and sex-dependent patterns and associated injuries.,"BACKGROUND: This study aimed to evaluate the demographic and clinical characteristics of adult patients presenting to the emergency department (ED) with clavicle fractures, describe the distribution of concomitant thoracic injuries, and identify factors independently associated with rib fracture and hemothorax/pneumothorax.
METHODS: This single-center retrospective observational study included consecutive adult patients presenting to the ED with acute traumatic clavicle fractures between January 1, 2022, and January 1, 2025. Patients were identified through the Hospital Medical Record System using the ICD-10 code S42.0, and 687 of 828 screened ED encounters were included in the final analysis. Demographic characteristics, injury mechanisms, fracture patterns, associated injuries, treatment approaches, and ED outcomes were retrospectively reviewed. Trauma mechanisms were classified as low-energy or high-energy. Multivariable logistic regression analyses were performed to identify factors associated with rib fracture and hemothorax/pneumothorax.
RESULTS: Of the 687 patients, 85.2% (n=585) were younger than 65 years. High-energy trauma mechanisms and midshaft fractures were more common in younger patients, whereas low-energy trauma with medial/lateral fractures predominated in older patients (p<0.001). Rib fracture (19.7% vs. 7.6%, p=0.005) and hemothorax/pneumothorax (12.4% vs. 3.3%, p=0.009) were significantly more frequent in male patients. Multivariable analysis revealed that increasing age (adjusted odds ratio [aOR]: 1.02, 95% confidence interval [CI]: 1.01-1.03, p<0.001), male sex (aOR: 3.08, 95% CI: 1.29-7.33, p=0.011), high-energy trauma (aOR: 3.28, 95% CI: 1.89-5.70, p<0.001), and medial (sternal) fracture location (aOR: 2.81, 95% CI: 1.11-7.10, p=0.029) were independently associated with rib frac-ture. For hemothorax/pneumothorax, increasing age (aOR: 1.03, 95% CI: 1.02-1.05, p<0.001) and high-energy trauma (aOR: 8.51, 95% CI: 3.53-20.49, p<0.001) were independently associated.
CONCLUSION: Clavicle fractures demonstrated varying clinical and traumatic characteristics across different age and sex groups. Increasing age, male sex, high-energy trauma, and medial clavicle fractures were associated with rib fractures, whereas increasing age and high-energy trauma were associated with hemothorax/pneumothorax. Combined evaluation of trauma mechanism, patient characteristics, and fracture pattern may help identify patients at increased risk for concomitant thoracic injuries in the ED.",2026,journal_pub_date,Ulusal travma ve acil cerrahi dergisi = Turkish journal of trauma & emergency surgery : TJTES,Journal Article; Observational Study,https://pubmed.ncbi.nlm.nih.gov/42703666/,,https://doi.org/10.14744/tjtes.2026.77257,https://doi.org/10.14744/tjtes.2026.77257,DOI,success,,unavailable_no_pmc,,
42703665,Nailing approach and residual fracture gap: A comparative study of antegrade versus retrograde fixation in distal femoral shaft fractures.,"BACKGROUND: The optimal nailing approach for simple distal femoral shaft fractures located below the isthmus remains controversial. A critical factor that may affect union is the residual fracture gap created during intramedullary nail insertion. This study aimed to compare antegrade and retrograde nailing techniques in terms of residual fracture gap, time to union, and functional outcomes.
METHODS: This retrospective study included 50 patients (21 antegrade, 29 retrograde) with transverse or short oblique femoral shaft fractures distal to the isthmus. Residual fracture gap, union time, modified radiographic union scale for tibial fractures scores, Visual Analog Scale scores, and lower extremity functional scale were evaluated. Radiographic measurements were performed by two independent blinded observers, and statistical comparisons were conducted using appropriate parametric and non-parametric tests.
RESULTS: The residual fracture gap was significantly larger in the retrograde group compared with the antegrade group on both the anteroposterior view (4.8±2.6 mm vs. 2.1±1.4 mm; p=0.006) and the lateral view (5.6±2.9 mm vs. 2.6±1.8 mm; p<0.0001). Time to radiographic union was significantly longer in the retrograde group (20.2±5.2 weeks vs. 16.0±4.6 weeks; p=0.030). However, there were no significant differences in non-union rates, functional scores, or complications.
CONCLUSION: In distal femoral shaft fractures located below the isthmus, retrograde nailing was associated with larger residual fracture gaps and longer time to union. Although both techniques remain viable, attention should be directed toward minimizing distraction during retrograde nail placement to optimize healing.",2026,journal_pub_date,Ulusal travma ve acil cerrahi dergisi = Turkish journal of trauma & emergency surgery : TJTES,Journal Article; Comparative Study,https://pubmed.ncbi.nlm.nih.gov/42703665/,,https://doi.org/10.14744/tjtes.2025.77113,https://doi.org/10.14744/tjtes.2025.77113,DOI,success,,unavailable_no_pmc,,
42703664,Evaluation of predictive factors for morbidity and mortality in patients undergoing surgery for peptic ulcer perforation.,"BACKGROUND: Peptic ulcer perforation (PUP) is a life-threatening complication with high mortality caused by the leakage of gastric contents into the peritoneal cavity, leading to peritonitis. Systemic inflammatory indices, such as the C-reactive protein (CRP)/lymphocyte ratio, neutrophil-to-lymphocyte ratio (NLR), and multi-inflammatory indices (MII), reflect inflammation severity. This study aimed to investigate the predictive value of the CRP/Lymphocyte ratio, NLR, platelet-to-lymphocyte ratio (PLR), systemic immune-inflammation index (SII), and MII indices for estimating morbidity and mortality in patients undergoing surgery for PUP.
METHODS: This retrospective analysis included 319 patients who underwent surgery for PUP between October 2012 and January 2025. Pre-operative inflammatory indices were calculated from laboratory data and correlated with post-operative complications, length of hospital stay, and mortality.
RESULTS: Higher CRP/Lymphocyte ratio, PLR, MII-1, MII-2, and MII-3 values were associated with fatal outcomes (p<0.05). The MII-2 and MII-3 indices best predicted post-operative complications with superior area under the curve (AUC) values (AUC: 0.655, 0.661, respectively) (p<0.001). All analyzed markers were significantly elevated in patients with prolonged hospitalization. Notably, the MII-2 index and CRP/lymphocyte ratio showed balanced sensitivity and high specificity for predicting mortality (AUC: 0.780, 0.787, respectively) (p<0.001).
CONCLUSION: The MII-2 index and CRP-to-lymphocyte ratio are strong predictors of mortality in PUP patients, whereas the MII-2 and MII-3 indices are most effective for predicting complications. Incorporating these easily calculated indices into clinical practice can enhance risk stratification and decision-making.",2026,journal_pub_date,Ulusal travma ve acil cerrahi dergisi = Turkish journal of trauma & emergency surgery : TJTES,Journal Article,https://pubmed.ncbi.nlm.nih.gov/42703664/,,https://doi.org/10.14744/tjtes.2026.68608,https://doi.org/10.14744/tjtes.2026.68608,DOI,success,,unavailable_no_pmc,,
42703663,Clinical and radiological outcomes of surgical treatment using a posterolateral approach based on computed tomography-based fracture morphology in posterior malleolar fractures: A single-center retrospective analysis.,"BACKGROUND: The aim of this study was to evaluate the clinical and radiological outcomes of posterior malleolar fractures (PMFs) treated surgically via a posterolateral approach and to investigate the prognostic value of Bartoníček-Rammelt fracture morphology in predicting functional outcome, reduction quality, and osteoarthritis development.
METHODS: In this single-center retrospective study, 61 patients with PMFs who were treated surgically via a posterolateral approach between January 2020 and December 2023 and had a minimum follow-up of 24 months were included. Fractures were classified ac-cording to the Bartoníček-Rammelt classification (BRC). Clinical outcomes were assessed using the Olerud-Molander Ankle Score (OMAS), while radiological outcomes were evaluated based on articular step-off and the Kellgren-Lawrence osteoarthritis grade. Multivariable linear regression analysis was performed to identify independent predictors of functional outcome.
RESULTS: The mean follow-up duration was 38.2±8.8 months. The mean OMAS was 89.9±10.2. Articular step-off was <1 mm in 82.0% of the patients. OMAS scores differed significantly among the BRC fracture types (p=0.039), with lower scores observed in more complex fracture patterns. In the adjusted multivariable regression model including fracture morphology, articular step-off, osteoar-thritis grade, syndesmotic fixation, and post-operative complications, articular step-off (p<0.001) and osteoarthritis grade (p<0.001) remained independent predictors of OMAS, whereas fracture morphology was not independently associated with functional outcome.
CONCLUSION: Bartoníček-Rammelt fracture morphology was associated with functional outcome in unadjusted analyses. How-ever, after adjustment for articular reduction quality, osteoarthritis grade, syndesmotic fixation, and post-operative complications, fracture morphology was not independently associated with OMAS. Articular reduction quality and osteoarthritis grade were the strongest independent determinants of functional outcome, emphasizing the importance of achieving anatomical reduction in PMFs.",2026,journal_pub_date,Ulusal travma ve acil cerrahi dergisi = Turkish journal of trauma & emergency surgery : TJTES,Journal Article,https://pubmed.ncbi.nlm.nih.gov/42703663/,,https://doi.org/10.14744/tjtes.2026.65627,https://doi.org/10.14744/tjtes.2026.65627,DOI,success,,unavailable_no_pmc,,
42703662,Serum 25-hydroxyvitamin D levels in children with distal radius torus fractures: A case-control analysis.,"BACKGROUND: Vitamin D influences bone mineralization, yet its relationship with distal radius torus fractures in children is uncertain. This study aims to investigate the relationship between serum Vitamin D levels and distal radial torus fracture.
METHODS: We compared serum 25-hydroxyvitamin D (25[OH]D) levels between children with radiographically confirmed isolated distal radius torus fractures (n=236) and laboratory-tested pediatric outpatient controls (n=505). Controls underwent serum 25(OH) D testing during routine pediatric outpatient health evaluations and were not selected because of fracture, bone pain, suspected metabolic bone disease, or delayed fracture healing. In the fracture cohort, 25(OH)D was measured at the 3rd week after injury dur-ing outpatient follow-up. Group comparisons were performed using the Mann-Whitney U and Chi-square tests. Multivariable logistic regression assessed associations with age and sex. An exploratory subgroup analysis was additionally performed.
RESULTS: Median 25(OH)D was 23.0 (interquartile range [IQR] 16.8-30.3) ng/mL in the fracture patients versus 18.4 (IQR=13.1-26.6) ng/mL in controls (p<0.001). Vitamin D deficiency (<20 ng/mL) occurred of the fracture group and 55.6% of the control group, respectively. After adjustment, 25(OH)D was not independently associated with torus fracture (adjusted OR/10 ng/mL 1.08, 95% CI=0.95-1.23; p=0.262), whereas male sex strongly predicted torus fracture (adjusted OR=3.35, 95% CI=2.41-4.66; p<0.001).
CONCLUSION: In this laboratory-selected case-control cohort, children with distal radius torus fractures did not have lower measured 25(OH)D levels than outpatient controls. These findings do not support routine Vitamin D testing solely on the basis of an isolated torus fracture, but screening should remain guided by individual clinical risk factors.",2026,journal_pub_date,Ulusal travma ve acil cerrahi dergisi = Turkish journal of trauma & emergency surgery : TJTES,Journal Article,https://pubmed.ncbi.nlm.nih.gov/42703662/,,https://doi.org/10.14744/tjtes.2026.58847,https://doi.org/10.14744/tjtes.2026.58847,DOI,success,,unavailable_no_pmc,,
42703661,A multidimensional approach to frailty in emergency surgery for perforated peptic ulcer.,"BACKGROUND: Perforated peptic ulcer (PPU) remains a high-risk surgical emergency. Although sarcopenia has been proposed as an objective surrogate of frailty, its independent prognostic value in emergency surgery is unclear. This study evaluated sarcopenia within a multidimensional frailty framework incorporating nutritional, inflammatory, and clinical parameters.
METHODS: This retrospective cohort study included adult patients who underwent emergency surgery for PPU at a tertiary center. Sarcopenia was assessed using computed tomography-derived psoas muscle area and psoas muscle index with population-specific cut-off values. Immunonutritional and inflammatory indices (hemoglobin-albumin-lymphocyte-platelet [HALP], neutrophil-to-lymphocyte ratio [NLR], platelet-to-lymphocyte ratio [PLR], and systemic immune-inflammation index [SII]) were calculated from admission laboratory data. The primary outcome was in-hospital mortality. Multivariable logistic regression and receiver operating characteristic (ROC) curve analyses were performed to identify independent predictors and discriminatory performance.
RESULTS: Ninety-seven patients were included; 30.9% were sarcopenic. Sarcopenic patients exhibited lower serum albumin, higher inflammatory markers, higher clinical severity scores, and longer intensive care unit and hospital stays (all p<0.05). However, sarcopenia was not independently associated with in-hospital mortality. In multivariable analysis, advanced age (odds ratio [OR] 1.07, p=0.010) and low serum albumin (OR 0.75, p<0.001) were the strongest independent predictors of mortality. Low HALP score and elevated NLR and PLR were significantly associated with sarcopenia. ROC analysis showed that age and albumin had superior discriminatory ability for mortality compared with morphometric muscle parameters.
CONCLUSION: In PPU surgery, frailty is better characterized as a multidimensional biological phenotype rather than isolated muscle loss. While sarcopenia reflects increased vulnerability, mortality risk is more strongly driven by age and nutritional-inflammatory reserve. Integrated frailty assessment may improve risk stratification in emergency surgical patients.",2026,journal_pub_date,Ulusal travma ve acil cerrahi dergisi = Turkish journal of trauma & emergency surgery : TJTES,Journal Article,https://pubmed.ncbi.nlm.nih.gov/42703661/,,https://doi.org/10.14744/tjtes.2026.57292,https://doi.org/10.14744/tjtes.2026.57292,DOI,success,,unavailable_no_pmc,,
42703660,Are there missed warning signals before traffic-related traumatic spinal cord injury? An exploratory case-control study using electronic health records.,"BACKGROUND: Traumatic spinal cord injury (TSCI) is a catastrophic outcome frequently resulting from road-traffic crashes. We investigated whether routinely recorded pre-injury healthcare utilization patterns in electronic health records (EHRs) can serve as pragmatic warning signals for TSCI among drivers and motorcyclists.
METHODS: We conducted a retrospective age- and sex-matched case-control study using national EHR data. Adults aged 18-45 years with traffic-accident-related TSCI as drivers or motorcyclists (2024-2025) were matched 1: 1 with controls (n=35 per group). Pre-index utilization during the preceding 24 months included trauma-related emergency department (ED) visits, orthopedics/traumatology department (OTD) visits, total trauma-related visits, and psychiatry visits. Between-group comparisons used Mann-Whitney U tests. Receiver operating characteristic analyses were used to summarize discriminative performance. Binary risk flags (≥1 ED visit; ≥1 psychiatry visit) were evaluated using multivariable logistic regression.
RESULTS: The analytic sample included 70 participants. Compared with controls, TSCI cases had higher trauma-related ED visits (p<0.001; r=0.45), psychiatry visits (p=0.010; r=0.31), and total trauma-related visits (p=0.035; r=0.25), whereas OTD visits did not differ (p=0.920). ED visits showed the highest discrimination (area under curve [AUC]=0.726). In this sample, the ≥1 versus 0 contrast yielded sensitivity 60.0% and specificity 82.9%. Psychiatry visits showed modest discrimination (AUC=0.649). In this sample, the ≥1 versus 0 contrast yielded sensitivity 45.7% and specificity 80.0%. In multivariable analysis, ≥1 ED visit (odds ratio [OR]=8.85, 95% confidence interval [CI] 2.68-29.23; p<0.001) and ≥1 psychiatry visit (OR=4.52, 95% CI 1.34-15.20; p=0.015) were independently associated with TSCI.
CONCLUSION: Traffic-related TSCI may be preceded by measurable pre-injury patterns - particularly trauma-related ED utilization and psychiatry visits - captured in routinely collected EHR data. These findings support a pragmatic risk-flagging approach that may help identify individuals who could benefit from targeted preventive education, injury-risk counseling, and psychosocial risk-reduction interventions. These findings should be interpreted with caution and require validation in larger prospective studies.",2026,journal_pub_date,Ulusal travma ve acil cerrahi dergisi = Turkish journal of trauma & emergency surgery : TJTES,Journal Article,https://pubmed.ncbi.nlm.nih.gov/42703660/,,https://doi.org/10.14744/tjtes.2026.54513,https://doi.org/10.14744/tjtes.2026.54513,DOI,success,,unavailable_no_pmc,,
42703659,Penetrating maxillofacial trauma with transmaxillary migration of a metallic foreign body to the sphenoid sinus: A rare case.,"This case report details a rare and potentially life-threatening injury of an initially overlooked maxillofacial trauma sustained during agricultural activity. A 19-year-old male presented to the emergency department with a headache and fatigue, 2 days following a right malar injury that had been previously sutured without advanced evaluation. A thorough clinical examination was conducted, which revealed the presence of periorbital swelling on both sides, accompanied by a right subconjunctival hemorrhage and chemosis. Radiographic imaging revealed the presence of a substantial, crescent-shaped metallic foreign body with its tip lodged just beneath the anterior skull base, penetrating the sphenoid sinus and lying inferior to the hypophysis. The base of the foreign body extended horizontally into the region adjacent to the middle nasal concha. Multislice computed tomography with angiography revealed its close proximity to critical neurovascular structures, including branches of the maxillary artery. Surgical removal was performed under general anesthesia via an extra-nasal transmaxillary approach, utilizing the trauma incision. Following meticulous dissection, the foreign body was reached and carefully extracted through an executed outward rotation technique. This case emphasizes the vital necessity for thorough clinical evaluation, detailed history-taking, and advanced imaging in the context of facial trauma, where superficially innocuous wounds may harbor latent complications. Primary closure of laceration without full diagnostic clarity risks sealing the patient in danger just millimeters from vital neurovascular structures. A detailed history, systematic examination and proper investigations are needed before primary closure of traumatic facial lacerations.",2026,journal_pub_date,Ulusal travma ve acil cerrahi dergisi = Turkish journal of trauma & emergency surgery : TJTES,Case Reports; Journal Article,https://pubmed.ncbi.nlm.nih.gov/42703659/,,https://doi.org/10.14744/tjtes.2026.53684,https://doi.org/10.14744/tjtes.2026.53684,DOI,success,,unavailable_no_pmc,,
42703658,Fourteen consecutive free flaps in 14 days for reconstruction of crush injuries in the 2023 Kahramanmaraş earthquake: A retrospective university hospital experience from the disaster zone.,"BACKGROUND: Earthquakes frequently result in high-energy extremity injuries requiring complex soft-tissue reconstruction. Performing microsurgical free-flap procedures in the acute post-disaster setting poses significant challenges due to resource limitations and logistic constraints.
METHODS: This retrospective study reviewed patients who underwent free-flap soft-tissue reconstruction in our tertiary university hospital, located within the disaster zone, during the acute phase of the 2023 Kahramanmaraş earthquake (February 06-21, 2023). Of 145 patients hospitalized in our plastic and reconstructive surgery service during this period, 14 underwent free-flap reconstruction and were included. Demographics, flap types, recipient vessels, perioperative details, and outcomes were analyzed.
RESULTS: Fourteen consecutive free flaps were performed over 14 days. The mean patient age was 32.8 years (range: 6-60 years); 50% were female. Twelve reconstructions (86%) involved the lower extremity, and two (14%) involved the upper extremity. The anterolateral thigh flap was the most frequently used flap (71.4%), followed by the latissimus dorsi flap (28.6%). In 75% of lower-extremity cases, the anterior tibial vessels of the injured limb were used; cross-leg anastomoses were required in three patients. Flap survival was achieved in 13/14 patients (92.8%). One total flap loss resulted in amputation.
CONCLUSION: Early free-flap reconstruction can be successfully integrated into acute trauma care even under disaster conditions when resources are organized efficiently, and surgical teams are coordinated. Our results support incorporating microsurgical capability into disaster-preparedness planning.",2026,journal_pub_date,Ulusal travma ve acil cerrahi dergisi = Turkish journal of trauma & emergency surgery : TJTES,Journal Article,https://pubmed.ncbi.nlm.nih.gov/42703658/,,https://doi.org/10.14744/tjtes.2026.27053,https://doi.org/10.14744/tjtes.2026.27053,DOI,success,,unavailable_no_pmc,,
42703657,Evaluation of the impact of donor site size on treatment outcomes in experimental deep second-degree burns treated with non-cultured autologous cell spray.,"BACKGROUND: Deep second-degree burn treatment is often time-consuming and expensive, with split-thickness autografts being the current standard of care. Recently, noncultured autologous cell sprays have shown comparable efficacy. This study utilized an experimental animal model to determine the optimal donor-to-burn area ratio for this method.
METHODS: Twenty-four male Wistar-albino rats were assigned to three groups (A, B, and C), each receiving two standardized second-degree burn wounds (2 cm2) on the dorsal skin. On day 5 post-injury, treatments were applied as follows: Group A wounds were left untreated or underwent tangential excision; Group B received autologous cell spray from 2 cm2 and 1 cm2 donor sites; Group C received cell spray from 0.5 cm2 and 0.25 cm2 donor sites. On day 14, all animals were sacrificed. Wound healing was assessed macroscopically (necrosis percentage) and histopathologically (ulcer size and inflammation score, 0-3).
RESULTS: Necrotic area percentage in the first and second burn site of the groups A, B, and C were 15±0.15%, 13±0.1%, 6±0.05%, 6±0.05%, 17±0.15%, and 9±0.1% (mean±standard deviation [SD]), ulcer size was 1.5±2.0 mm, 0.8±1.6 mm, 0.4±0.7 mm, 0.1±0.4 mm 2.4±2.1 mm, and 1.3±1.7 mm (mean±SD), and the inflammatory response was 1.8±1.5, 1.5±1.2, 0.8±1.0, 0.5±1.1, 2.0±1.1, and 1.5±1.4 (mean±SD), respectively. All evaluated parameters were statistically significantly better in the second burn area of Group B compared to the untreated group (p=0.007, p=0.041, p=0.043).
CONCLUSION: While previous research supports the use of small donor sites for extensive burns, our findings suggest that, in smaller burn injuries, a donor-to-burn area ratio of 1: 2 provides more effective wound healing than further donor site reduction. The 14-day follow-up and reliance on a single thermal burn model limit the generalizability of these results. Future studies with extended observation, varied burn etiologies, and molecular or immunohistochemical analyses are needed to validate and expand upon these findings.",2026,journal_pub_date,Ulusal travma ve acil cerrahi dergisi = Turkish journal of trauma & emergency surgery : TJTES,Journal Article,https://pubmed.ncbi.nlm.nih.gov/42703657/,,https://doi.org/10.14744/tjtes.2026.25274,https://doi.org/10.14744/tjtes.2026.25274,DOI,success,,unavailable_no_pmc,,
42703656,Comparison of screw and suture-button techniques in the treatment of ankle syndesmotic injuries.,"BACKGROUND: Syndesmotic disruption frequently accompanies ankle fractures and requires stable fixation to restore distal tibiofibular congruence and function. Cortical screw and suture-button constructs are widely used; however, their relative superiority, particularly with respect to early recovery versus long-term outcomes, remains uncertain.
METHODS: We conducted a single-center, retrospective, nonrandomized cohort study of adults with ankle fractures and radiographically confirmed syndesmotic injuries treated between 2017 and 2021. Patients underwent fixation according to surgeon preference using either screws (n=81) or suture-button constructs (n=25). The primary outcome was the American Orthopaedic Foot & Ankle Society (AOFAS) ankle-hindfoot score at 12 months. Secondary outcomes included AOFAS score at 3 months, Olerud-Molander Ankle Score (OMAS) at final follow-up, tibiofibular clear space (TFCS), tibiofibular overlap (TFO), medial clear space (MCS), and complication rates. Standardized anteroposterior (AP), mortise, and lateral radiographs were obtained preoperatively and postoperatively. Median follow-up was 14 months (range: 12-19). Treatment selection was at the operating surgeon's discretion, taking into account patient age and activity level, fracture pattern and instability (including initial subluxation or dislocation), soft-tissue condition, and implant availability.
RESULTS: Both groups demonstrated significant radiographic improvement in TFCS, TFO, and MCS from preoperative to post-operative assessment (all p<0.001). At three months, the suture-button group achieved higher AOFAS scores than the screw group (median, 75 vs. 70; p=0.009). However, the primary outcome of AOFAS score at 12 months and the final OMAS did not differ significantly between groups (p=0.161 and p=0.090, respectively). Interpretation of the findings is limited by baseline imbalances, including a younger patient population in the suture-button group (p=0.008) and unequal group sizes (81 vs. 25). Complication rates were low and comparable between groups.
CONCLUSION: Both cortical screw and suture-button fixation provided satisfactory long-term functional and radiographic outcomes in patients with ankle fractures and syndesmotic injuries. Although suture-button fixation was associated with superior early functional recovery, this apparent advantage should be interpreted cautiously given baseline differences and potential confounding. These hypothesis-generating findings support the need for prospective randomized trials with standardized rehabilitation protocols.",2026,journal_pub_date,Ulusal travma ve acil cerrahi dergisi = Turkish journal of trauma & emergency surgery : TJTES,Journal Article; Comparative Study,https://pubmed.ncbi.nlm.nih.gov/42703656/,,https://doi.org/10.14744/tjtes.2026.16020,https://doi.org/10.14744/tjtes.2026.16020,DOI,success,,unavailable_no_pmc,,
42703655,Factors predicting need for intervention and mortality in patients with spontaneous rectus sheath hematoma.,"BACKGROUND: Spontaneous rectus sheath hematoma (RSH) is a potentially life-threatening cause of acute abdominal pain, particularly in elderly and anticoagulated patients. While most cases are managed conservatively, a significant proportion requires interventional procedures, and mortality remains substantial. The aim of the study was to identify the predictors of interventional procedure requirements and 90-day mortality in patients with spontaneous RSH.
METHODS: This retrospective study included consecutive adult patients diagnosed with spontaneous RSH at a tertiary care center between January 2017 and December 2023. Clinical, laboratory, and imaging data were collected. Multivariate logistic regression was used to identify independent predictors of interventional radiology treatment and 90-day all-cause mortality.
RESULTS: The study consisted of 59 patients with a median age of 72 years, and 77.9% were females. Interventional radiology procedures were performed in 27.1% of cases, and 90-day mortality was 22.0%. Hematoma volume was independently associated with the need for intervention (odds ratio [OR]: 1.002; p=0.004). In a subgroup of patients undergoing computed tomography angiography (n=36), contrast extravasation was also a significant predictor (OR: 17.460; p=0.009). Independent predictors of 90-day mortality were advanced age (OR: 1.088; p=0.045) and greater hemoglobin decline (OR: 1.086; p=0.008).
CONCLUSION: Hematoma volume and contrast extravasation are significant predictors of the need for interventional treatment, while advanced age and hemoglobin decline predict 90-day mortality in spontaneous RSH. These findings support the use of objective radiologic and laboratory parameters for early risk stratification. Prospective multicenter validation is warranted to guide standardized management strategies in this high-risk population.",2026,journal_pub_date,Ulusal travma ve acil cerrahi dergisi = Turkish journal of trauma & emergency surgery : TJTES,Journal Article,https://pubmed.ncbi.nlm.nih.gov/42703655/,,https://doi.org/10.14744/tjtes.2026.08300,https://doi.org/10.14744/tjtes.2026.08300,DOI,success,,unavailable_no_pmc,,
42703654,The role of negative-pressure wound therapy in Fournier's gangrene: Association with mortality.,"BACKGROUND: Fournier's gangrene (FG) is a rare but life-threatening necrotizing fasciitis of the perineal and genital regions characterized by rapid progression, fulminant sepsis, and high mortality. Negative-pressure wound therapy (NPWT), also called vacuum-assisted closure (VAC), is becoming more commonly utilized today in the treatment of complex wounds. This study aimed to evaluate the association between NPWT/VAC and in-hospital mortality among patients with FG requiring extensive surgical debridement.
METHODS: This retrospective cohort study included 95 patients treated for FG at a tertiary referral center between January 2022 and January 2025. Patients were divided into two groups according to post-operative wound management: Conventional dressing (n=31) and NPWT/VAC (n=64). Demographic, clinical, and laboratory data - including the FG severity index (FGSI), quick sequential organ failure assessment, and procalcitonin - were analyzed. Multivariable logistic regression identified independent predictors of in-hospital mortality, and model performance was evaluated using receiver-operating characteristic curves.
RESULTS: Overall mortality was 20.0% (19/95). Mortality was significantly lower in the NPWT/VAC group than in the conventional group (15.6% vs. 29.0%, p<0.05). On multivariable analysis, NPWT/VAC was independently associated with lower mortality (adjusted odds ratio [OR] 0.42, 95% confidence interval [CI] 0.18-0.95, p<0.05), whereas higher FGSI (OR 1.28 per point, 95% CI 1.10-1.55, p<0.01) and procalcitonin (OR 1.95, 95% CI 1.35-2.75, p<0.01) were independently associated with higher mortality.
CONCLUSION: NPWT/VAC use was associated with a lower mortality rate and may represent a valuable adjunct in the management of severe FG.",2026,journal_pub_date,Ulusal travma ve acil cerrahi dergisi = Turkish journal of trauma & emergency surgery : TJTES,Journal Article,https://pubmed.ncbi.nlm.nih.gov/42703654/,,https://doi.org/10.14744/tjtes.2026.06999,https://doi.org/10.14744/tjtes.2026.06999,DOI,success,,unavailable_no_pmc,,
42703653,Epidemiology and injury patterns of high-energy pediatric pelvic and acetabular fractures: A retrospective study with comparative outcomes.,"BACKGROUND: This study aimed to evaluate the epidemiological characteristics, injury mechanisms, fracture patterns, associated injuries, and early hemoglobin (Hb) changes and physiological response in pediatric patients with pelvic fractures. In addition, clinical and injury-related variables were compared according to skeletal maturity status and treatment modality.
METHODS: This retrospective single-center study included 52 consecutive patients younger than 18 years who were treated for pelvic fractures between September 2022 and March 2025. Skeletal maturity was determined based on triradiate cartilage status. Fractures were classified using Torode-Zieg, Young-Burgess, and Letournel-Judet systems. Early physiological response was assessed using serial Hb measurements at admission, 24 h, and 48 h. Comparative analyses were performed according to skeletal maturity and treatment modality.
RESULTS: The median age was 14 years, and 55.8% of patients were female. Pelvic ring injuries were observed in 76.9% of patients, and associated injuries were present in 67.3%. Non-operative treatment was performed in 65.4% of patients. Hb levels decreased from 12.3±1.8 g/dL at admission to 11.1±2.0 g/dL at 24 h and 10.5 g/dL at 48 h. No significant differences in Hb decline were observed according to skeletal maturity (p>0.05). Patients who underwent operative treatment had significantly lower Hb levels at 24 and 48 h (p=0.006 and p=0.005, respectively); however, the magnitude of Hb decrease did not differ significantly between treatment groups (p>0.05).
CONCLUSION: Pediatric pelvic fractures are uncommon injuries typically associated with high-energy trauma and multiple concomitant injuries. Early Hb decline was modest and did not differ according to skeletal maturity. Lower Hb levels in surgically treated patients may reflect overall injury severity rather than pelvic fracture-related hemorrhage. Careful evaluation of associated injuries and close monitoring of Hb levels are essential in pediatric pelvic trauma.",2026,journal_pub_date,Ulusal travma ve acil cerrahi dergisi = Turkish journal of trauma & emergency surgery : TJTES,Journal Article; Comparative Study,https://pubmed.ncbi.nlm.nih.gov/42703653/,,https://doi.org/10.14744/tjtes.2026.00266,https://doi.org/10.14744/tjtes.2026.00266,DOI,success,,unavailable_no_pmc,,
42703644,Editor's Commentary.,,2026-09-07,article_date,Respiratory care,Journal Article,https://pubmed.ncbi.nlm.nih.gov/42703644/,,https://doi.org/10.1177/19433654261480857,https://doi.org/10.1177/19433654261480857,DOI,success,,unavailable_no_pmc,,
42703621,Neovaginal Cytologic and Molecular Screening Findings for Human Papillomavirus and Sexually Transmitted Infections Among Transgender Women.,"Evidence regarding optimal screening strategies for neovaginal health in transgender women remains limited. Data describing cytologic and molecular detection of human papillomavirus (HPV) and sexually transmitted infections (STIs) in neovaginal tissue are scarce, particularly in populations with high burden of HIV and STI. We conducted a descriptive observational study of transgender women with neovagina receiving care at a specialized sexual health clinic in Mexico City. Neovaginal samples were collected for cytologic evaluation and polymersase chain reaction (PCR)-based molecular testing for HPV and sexually transmitted pathogens. Sixteen transgender women were included (median age 44.5 years; range 31-52 years). Cytology samples were obtained in 13 participants and were negative in all cases. Despite universally negaive cytology, PCR-based molecular testing identified high-risk HPV in 38.5% of tested participants and detected other sexually transmitted pathogens (Chlamydia trachomatis, Mycoplasma hominis, Neisseria gonorrhoeae, and Ureaplasma urealyticum). Molecular screening identified HPV infection and other sexually trnsmitted pathogens in neovaginal samples despite negative cytology. These findings highlight potential limitations of cytology-based screening and support the integration of molecular diagnostics as part of comprehensive sexual health care for transgener women.",2026-08-14,article_date,Open forum infectious diseases,Journal Article,https://pubmed.ncbi.nlm.nih.gov/42703621/,https://www.ncbi.nlm.nih.gov/pmc/articles/PMC13546784/,https://doi.org/10.1093/ofid/ofag516,https://www.ncbi.nlm.nih.gov/pmc/articles/PMC13546784/,PMC; DOI,success,,downloaded,/home/almogalfamon/mdpt/almog_work/data_acquisition/pubmed_day_snapshot_output/full_text_2026-09-01/42703621.txt,
42703619,Infectious Diseases Power Hour: A Student-Led Model for Faculty Mentorship and Scholarly Engagement.,Early scholarly experiences and engagement with faculty mentors may enhance medical student exposure to infectious diseases (ID). We describe a student-led case-writing initiative that paired medical students with ID faculty mentors to develop scholarly products and present clinical cases.,2026-08-24,article_date,Open forum infectious diseases,Journal Article,https://pubmed.ncbi.nlm.nih.gov/42703619/,https://www.ncbi.nlm.nih.gov/pmc/articles/PMC13546783/,https://doi.org/10.1093/ofid/ofag541,https://www.ncbi.nlm.nih.gov/pmc/articles/PMC13546783/,PMC; DOI,success,,downloaded,/home/almogalfamon/mdpt/almog_work/data_acquisition/pubmed_day_snapshot_output/full_text_2026-09-01/42703619.txt,
42703618,Structural identifiability of constitutive relations from indirect field observations.,"Constitutive relations-functions linking a local state variable to a material or system property such as thermal conductivity, hydraulic permeability, or reaction rate constant-appear across the physical, engineering, and life sciences. They must often be inferred from sparse, indirect observations of the field they govern rather than from direct assays. Unlike the well-studied spatially varying parameter ϕ ( x ) , the scalar state-dependent function ϕ ( u ) : R → R + of a single local state variable has received no systematic Bayesian treatment, and a basic question remains open: how much can sparse indirect observations actually inform ϕ ( u ) ? We show the answer is governed by a two-factor attenuation: information must pass first through the inverse of the linearized partial differential equation (PDE) Jacobian and then through the sparse observation mask. The product of these factors lies far below unity for practical configurations, leaving the posterior structurally prior-dominated regardless of the number of indirect observations of the same type and configuration. The primary determinant is not the PDE class but the coupling mechanism-whether ϕ ( u ) enters the residual through a spatial gradient (as for diffusion coefficients) or pointwise (as for source terms). We instantiate the analysis in a sparse variational Gaussian process with an explicit, checkable prior and a closed-form Laplace posterior, and validate it across four PDE classes, four constitutive shapes, and two prior conditions. A small number of direct constitutive measurements at well-placed state values, bypassing the PDE entirely, collapse the posterior where arbitrarily many indirect observations of the same type cannot.",2026-08-21,article_date,PNAS nexus,Journal Article,https://pubmed.ncbi.nlm.nih.gov/42703618/,https://www.ncbi.nlm.nih.gov/pmc/articles/PMC13546793/,https://doi.org/10.1093/pnasnexus/pgag281,https://www.ncbi.nlm.nih.gov/pmc/articles/PMC13546793/,PMC; DOI,success,,downloaded,/home/almogalfamon/mdpt/almog_work/data_acquisition/pubmed_day_snapshot_output/full_text_2026-09-01/42703618.txt,
42703617,11β-HSD2 buffers fetal glucocorticoid exposure inducing Per1 expression under maternal stress.,"Glucocorticoids (GCs) have been proposed as maternal-fetal communication signals. However, fetal circadian rhythms are initially shielded from maternal entrainment, in addition to delayed circadian clock emergence due to CLOCK suppression. Premature CLOCK/BMAL1 activation disrupts Hes7-driven somite-like structure in gastruloids. Given the genomic proximity of Per1 to Hes7 and their transcriptional ripple effect, the physiological significance of delayed cell-autonomous circadian clock development and the temporal program of maternal-fetal communication during the developmental process has remained unclear. Here, based on a marked decline in Hsd11b2, encoding a GC-inactivating 11β-HSD2 enzyme, during organogenesis, we performed split-litter embryo-transfer experiments in which Hsd11b2 knockout (KO) and wild-type embryos shared the same maternal environment. Amniotic fluid GCs remained low and arrhythmic under basal conditions. In contrast, maternal stress caused a pronounced GC surge and Per1 induction in KO, suggesting that 11β-HSD2 buffers acute maternal GC surges. Despite the genomic proximity of Per1 to Hes7 and their transcriptional ripple effect, stress-associated and pharmacological GC exposure recapitulated no overt segmentation defects in vivo. Embryonic stem cell-derived gastruloid assays confirmed that neither GC exposure nor Per1 induction arrested Hes7 oscillations, whereas premature CLOCK/BMAL1 activation impaired these processes even in Hes7 KO gastruloid with ectopic rescue, suggesting that interference with the segmentation clock is mediated by premature CLOCK/BMAL1 activation, not by GC-induced Per1 expression. These findings clearly show that maternal GC signals are selectively buffered during early development. In addition, suppression of CLOCK/BMAL1 activity preserves segmentation clock function, indicating delayed circadian clock emergence is actively regulated during embryogenesis.",2026-08-24,article_date,PNAS nexus,Journal Article,https://pubmed.ncbi.nlm.nih.gov/42703617/,https://www.ncbi.nlm.nih.gov/pmc/articles/PMC13546787/,https://doi.org/10.1093/pnasnexus/pgag286,https://www.ncbi.nlm.nih.gov/pmc/articles/PMC13546787/,PMC; DOI,success,,downloaded,/home/almogalfamon/mdpt/almog_work/data_acquisition/pubmed_day_snapshot_output/full_text_2026-09-01/42703617.txt,
42703616,"Similar Efficacy, Safety, and Immune Improvement Through 96 Weeks in Individuals With Limited HIV-1 Treatment Options Using Twice-Daily Dolutegravir- or Fostemsavir-based Regimens.","Constructing suppressive regimens for individuals with multidrug-resistant HIV-1 can be challenging. Separate analyses of 96-week outcomes from the phase 3 VIKING-3 and BRIGHTE studies demonstrate that twice-daily dolutegravir-based and fostemsavir-based regimens each provide robust viral suppression, favorable safety profiles, and CD4+ T-cell count improvement in this population. Clinical trial registration VIKING-3: ClinicalTrials.gov identification number, NCT01328041; URL, https://clinicaltrials.gov/study/NCT01328041; BRIGHTE: ClinicalTrials.gov identification number, NCT02362503; URL, https://clinicaltrials.gov/study/NCT02362503.",2026-08-08,article_date,Open forum infectious diseases,Clinical Trial; Journal Article,https://pubmed.ncbi.nlm.nih.gov/42703616/,https://www.ncbi.nlm.nih.gov/pmc/articles/PMC13546792/,https://doi.org/10.1093/ofid/ofag487,https://www.ncbi.nlm.nih.gov/pmc/articles/PMC13546792/,PMC; DOI,success,,downloaded,/home/almogalfamon/mdpt/almog_work/data_acquisition/pubmed_day_snapshot_output/full_text_2026-09-01/42703616.txt,
42703614,"Under-ascertainment of medically attended tick-borne encephalitis virus infections by tick-borne encephalitis surveillance in selected areas of Austria, Denmark, Finland, Germany, Latvia, Sweden, and Switzerland.","OBJECTIVES: Antibodies against tick-borne encephalitis (TBE) virus (TBEV) nonstructural protein 1 (NS1) immunoglobulin G are elevated in TBEV-infected individuals, but not in TBE vaccinated individuals, enabling estimation of TBEV infection prevalence in countries where TBE vaccines are used.
METHODS: We used data from NS1 seroprevalence studies to estimate the incidence of medically attended TBEV infections and then compared this incidence with the incidence of surveillance-reported TBE cases to estimate the under-ascertainment multiplier for medically attended TBEV infections identified by surveillance.
RESULTS: The prevalence of NS1 antibodies ranged from 0.1% to 7.0% in the identified nine seroprevalence studies. Medically attended TBEV incidence in areas where seroprevalence specimens were collected ranged from 0.5/100,000 population per year in Denmark to 21.5/100,000 population per year in Latvia. The under-ascertainment multiplier was 0.9 in Finland, 2.2 in Latvia, 2.5 in Switzerland, 3.4 in Sweden, 3.6 in Austria(Northern), 3.8 in Germany (Bavaria), 5.0 in Austria (Western), 5.0 in Denmark, and 6.0 in Germany-Baden/Wuerttemberg.
CONCLUSION: Despite assumptions necessitated by data gaps, the results of this analysis indicate that more individuals are infected with TBEV and seek medical care than are ascertained by TBE surveillance. Given the increasing public health threat posed by TBE in Europe, further efforts are needed to improve TBE awareness and increase TBE vaccination among persons at increased risk of TBEV infection.",2026-07-18,article_date,IJID regions,Journal Article,https://pubmed.ncbi.nlm.nih.gov/42703614/,https://www.ncbi.nlm.nih.gov/pmc/articles/PMC13546823/,https://doi.org/10.1016/j.ijregi.2026.100953,https://www.ncbi.nlm.nih.gov/pmc/articles/PMC13546823/,PMC; DOI,success,,downloaded,/home/almogalfamon/mdpt/almog_work/data_acquisition/pubmed_day_snapshot_output/full_text_2026-09-01/42703614.txt,
42703612,Residual Disparities in US Adults Hospitalized due to All-Cause Pneumonia Following Implementation of Childhood 13-Valent Pneumococcal Conjugate Vaccine in National Immunization Program.,"BACKGROUND: Use of 13-valent pneumococcal conjugate vaccine (PCV13) has reduced the burden of pneumococcal disease among both children and adults. Research has indicated that some population subgroups have benefited more than others. This study estimated rates of inpatient all-cause pneumonia among US adults by age, race, comorbidity profile, and household income (HHI), before and after universal recommendation for PCV13 in children and targeted recommendation for use in adults.
METHODS: A retrospective observational study was conducted using Optum's de-identified Clinformatics Data Mart Database (2007-2019). Adults aged ≥18 years were stratified by age, race, comorbidity profile (low-risk, at-risk/high-risk), and annual household income. Inpatient all-cause pneumonia episodes were identified via relevant International Classification of Diseases (Ninth and Tenth Revisions) codes. Rates per 100 000 person-years and incidence rate ratios (IRRs) were calculated for the pre-PCV13 (2008-2009), peri-PCV13 (2010-2012), post-PCV13#1 (2013-2016), and post-PCV13#2 (2017-2019) periods.
RESULTS: Among 38.7 million US adults, inpatient all-cause pneumonia rates decreased from the pre-PCV13 to post-PCV13#2 period among all age groups (eg, 72.9 to 38.2 among 18- to 49-year-olds and 1621.8 to 1326.0 among ≥75-year-olds). Irrespective of age, rates generally decreased from the pre-PCV13 to post-PCV13#2 period within subgroups defined by race, comorbidity profile, and HHI; the greatest relative reductions were observed among persons aged 18-49 years. During the post-PCV13#2 period, the highest rates of inpatient all-cause pneumonia persisted in Black adults, at-risk/high-risk adults, and adults with HHI <$100 000.
CONCLUSIONS: Despite reductions in inpatient all-cause pneumonia following pediatric PCV13 introduction, residual disparities persist for Black, at-risk/high-risk, and low- and middle-income adults. Strategies to reduce persistent disparities in disease burden among affected adults should be considered and implemented.",2026-08-24,article_date,Open forum infectious diseases,Journal Article,https://pubmed.ncbi.nlm.nih.gov/42703612/,https://www.ncbi.nlm.nih.gov/pmc/articles/PMC13546781/,https://doi.org/10.1093/ofid/ofag528,https://www.ncbi.nlm.nih.gov/pmc/articles/PMC13546781/,PMC; DOI,success,,downloaded,/home/almogalfamon/mdpt/almog_work/data_acquisition/pubmed_day_snapshot_output/full_text_2026-09-01/42703612.txt,
42703608,Upper tract urothelial carcinoma arising in a horseshoe kidney with ureteropelvic junction obstruction: a case report.,"Horseshoe kidney (HSK) is frequently associated with ureteropelvic junction obstruction (UPJO), but the occurrence of upper tract urothelial carcinoma (UTUC) in this setting is exceptionally rare. We report a 66-year-old man presenting with left flank pain and a giant hydronephrotic moiety of an HSK caused by longstanding UPJO. Computed tomography revealed massive hydronephrosis (50 × 46 × 28 cm) with enhancing urothelial wall thickening suspicious for UTUC. The patient underwent open heminephroureterectomy. Histopathology confirmed UTUC. This case highlights the need to suspect malignancy in chronically obstructed horseshoe kidneys and emphasizes the importance of meticulous preoperative imaging and surgical planning.",2026-08-26,article_date,Urology case reports,Case Reports; Journal Article,https://pubmed.ncbi.nlm.nih.gov/42703608/,https://www.ncbi.nlm.nih.gov/pmc/articles/PMC13546821/,https://doi.org/10.1016/j.eucr.2026.103589,https://www.ncbi.nlm.nih.gov/pmc/articles/PMC13546821/,PMC; DOI,success,,downloaded,/home/almogalfamon/mdpt/almog_work/data_acquisition/pubmed_day_snapshot_output/full_text_2026-09-01/42703608.txt,
42703606,Cardiovascular health among young adults: Do childhood neighborhoods matter?,"We examine the associations between characteristics of young adults' communities and their cardiovascular health. Young adult cardiovascular health (CVH) is assessed by a set of eight factors encompassing both health-related behaviors and clinical metrics. We analyze a recent data collection effort fielded during 2021-2023: The Future of Families - Cardiovascular Health Among Young Adults (FF-CHAYA) study, designed to examine the social determinants of cardiovascular health and subclinical cardiovascular disease among young adults. Participants were subsampled from a longitudinal survey of about 5000 births in large cities in the US that has conducted seven waves of interviews since 1998-2000. A total of 1421 young adults, average age 23, participated in 33 ""pop-up"" clinics across the US. We use latent transition analysis based on a rich set of contextual variables at the census tract or county level to uncover three profiles of geographic areas of childhood residence around the time of birth and at age nine years. We find significant relationships between young adult CVH and their level of schooling, their racial/ethnic identity, and their neighborhood environments. Associations between spending childhood years in disadvantaged neighborhood archetypes and CVH scores were largely but not entirely attenuated by individual-level characteristics. At this early stage of adulthood, these associations are driven largely by health-related behaviors, particularly physical activity, but linkages with clinical metrics of cardiovascular risk are likely to appear in the coming years and decades.",2026-06-23,article_date,SSM - population health,Journal Article,https://pubmed.ncbi.nlm.nih.gov/42703606/,https://www.ncbi.nlm.nih.gov/pmc/articles/PMC13546837/,https://doi.org/10.1016/j.ssmph.2026.101941,https://www.ncbi.nlm.nih.gov/pmc/articles/PMC13546837/,PMC; DOI,success,,downloaded,/home/almogalfamon/mdpt/almog_work/data_acquisition/pubmed_day_snapshot_output/full_text_2026-09-01/42703606.txt,
42703600,"Cross-Range Comparison of Supraglacial Microbial Communities Between Gongga and Gangrigabu Mountains, Southeast Tibetan Plateau.","The supraglacial environment represents a unique habitat that harbors overlooked biodiversity, which is increasingly threatened by climate warming but remains underexplored. This study aims to investigate bacterial and fungal distribution patterns on five debris-covered glaciers from two typical mountain ranges dominated by a monsoon climate (Mt. Gongga and Mt. Gangrigabu). High-throughput amplicon sequencing of the bacterial 16S rRNA gene (V3-V4 region) and the fungal ITS region was performed using the Illumina MiSeq platform. Despite harsh and nitrogen-limited conditions, the supraglacial debris across two mountain ranges supported phylogenetically diverse microbial taxa. Dominant bacterial families included Sphingomonadaceae, Chitinophagaceae, and Comamonadaceae, while dominant fungal families included Thelephoraceae, Mortierellaceae, and Inocybaceae, highlighting the establishment of specialized microbial assemblages in oligotrophic glacier surface environments. Compared with Mt. Gongga, supraglacial debris from Mt. Gangrigabu exhibited significantly lower bacterial alpha diversity, likely driven by environmental filtering associated with higher pH and total carbon content. In contrast, fungal alpha diversity showed limited regional variation. Notably, we observed a significant ""distance decay"" pattern in both bacterial and fungal communities, which illustrated a decline in taxonomic similarity with increasing geographic distance across glaciers, particularly pronounced in bacterial communities (R = -0.70, p < 0.001). Microbial community composition exhibited stronger glacier-specific differentiation, heterogeneous environmental selection emerged as the dominant ecological process shaping microbial turnover across isolated glaciers, with pH and carbon content playing dominant roles in shaping microbial community variation. Our cross-range comparison reveals that deterministic environmental filtering among geographically isolated glaciers governs the spatial turnover in supraglacial microbial communities, providing new insights into the ecological mechanisms governing microbial biogeographic patterns in rapidly changing cryospheric ecosystems across the southeastern Tibetan Plateau.",2026-09-06,article_date,Ecology and evolution,Journal Article,https://pubmed.ncbi.nlm.nih.gov/42703600/,https://www.ncbi.nlm.nih.gov/pmc/articles/PMC13546813/,https://doi.org/10.1002/ece3.74278,https://www.ncbi.nlm.nih.gov/pmc/articles/PMC13546813/,PMC; DOI,success,,downloaded,/home/almogalfamon/mdpt/almog_work/data_acquisition/pubmed_day_snapshot_output/full_text_2026-09-01/42703600.txt,
42703598,Integration of Histologic Pattern Classifiers and Graph Convolutional Networks for Prognostic Prediction in Lung Adenocarcinoma.,"INTRODUCTION: Histologic pattern classification is crucial for diagnosing and prognosticating lung adenocarcinoma, yet its clinical application remains limited by interobserver variability and difficulties in quantifying patterns across whole-slide images (WSIs).
METHODS: We developed a deep learning-based histologic pattern classifier trained with coarse annotations and implemented through a whole-slide approach. Classification performance was evaluated across five major growth patterns, followed by consensus analysis with expert pathologists. To predict prognosis, we integrated the classifier into a patch-level graph convolutional network (patch-GCN) that aggregated local and global morphologic features across WSIs. Model generalizability was further assessed in two external cohorts.
RESULTS: The classifier achieved a mean area under the curve of 0.991 and 90.5% expert model agreement. Consensus analysis revealed strong concordance on typical morphologies but underscored challenges for both experts and the model in regions with atypical histology. The patch-GCN achieved the best prognostic performance (concordance index: 0.789), outperforming models based solely on expert-assessed or model-predicted histologic pattern percentages. Notably, the GCN identified prognostically adverse morphologies, including complex glandular and morule-like patterns, which were not explicitly annotated during training. External validation demonstrated robust generalizability, with concordance indices of 0.654 in the TCGA-LUAD cohort and 0.868 in the NTUH cohort. Model performance depended strongly on pathology-specific feature embeddings.
CONCLUSION: This study demonstrates the feasibility of a WSI-based histologic pattern classifier trained with coarse annotations and establishes a novel GCN-based prognostic framework that enhances predictive accuracy, uncovers clinically relevant morphologies beyond expert labels, and supports granular risk stratification in lung adenocarcinoma.",2026-05-08,article_date,JTO clinical and research reports,Journal Article,https://pubmed.ncbi.nlm.nih.gov/42703598/,https://www.ncbi.nlm.nih.gov/pmc/articles/PMC13546841/,https://doi.org/10.1016/j.jtocrr.2026.101017,https://www.ncbi.nlm.nih.gov/pmc/articles/PMC13546841/,PMC; DOI,success,,skipped_full_text_max,,
42703589,Timing in smartphone-guided home stroke rehabilitation with functional electrical stimulation: feasibility of distributed supervision and retrospective comparison with a front-loaded model.,"[Purpose] This study reports: (Aim 1) a feasibility study of a distributed supervision model (DSG) within a smartphone-guided home stroke rehabilitation program incorporating functional electrical stimulation (FES); and (Aim 2) a retrospective cohort comparison of DSG outcomes against a previously published front-loaded supervision group (FSG). [Participants and Methods] Thirty-one adults with chronic hemiparetic stroke (onset >6 months) completed a 6-week multicomponent home exercise program (3 sessions/week, 1 hour/session) incorporating gait, strength, and balance training with FES delivered via smartphone app. FSG (n=12) received 2 weeks of supervised onboarding followed by 4 weeks of independent home training. DSG (n=19) received one supervised and two independent sessions weekly. Pre- and post-assessments included the 10-Meter Walk Test, Mini-BESTest, Berg Balance Scale, Timed Up and Go, and 30-Second Sit-to-Stand Test. [Results] No adverse events were reported. Both groups demonstrated high adherence (DSG: 90.3 ± 10.2%; FSG: 87.3 ± 8.7%) and significant within-group improvements across all outcomes, exceeding minimal clinically important differences. Between-group comparisons showed significantly greater improvements in the DSG on the 30STS (Welch's t, p<0.001, d=1.57, achieved power=0.98) and TUG (p=0.020, d=0.74, achieved power=0.48); contrasts for BBS, Mini-BESTest, and 10MWT were non-significant with low achieved power (0.05-0.21) and are reported as inconclusive. All findings should be interpreted as preliminary given the retrospective, non-randomized design. [Conclusion] Both supervision models demonstrated high feasibility, safety, and clinically meaningful functional gains. Supervision timing may influence the magnitude of functional gains and warrants investigation in future randomized trials.",2026-09-05,article_date,Journal of physical therapy science,Journal Article,https://pubmed.ncbi.nlm.nih.gov/42703589/,https://www.ncbi.nlm.nih.gov/pmc/articles/PMC13546773/,https://doi.org/10.1589/jpts.38.418,https://www.ncbi.nlm.nih.gov/pmc/articles/PMC13546773/,PMC; DOI,success,,skipped_full_text_max,,
42703587,Physical activity measured using a triaxial accelerometer in early after surgery rehabilitation in patients with hip fracture affects walking ability: a retrospective observational study.,"[Purpose] To clarify the association between physical activity measured using a triaxial accelerometer in early after surgery rehabilitation sessions and short-term walking ability in older adult patients with hip fractures and investigate indicators for determining the appropriate intensity and volume of early mobilization. [Participants and Methods] We analyzed 109 patients aged ≥75 years (median, 88.0 years) with hip fractures who underwent surgical treatment. A triaxial accelerometer was used to quantify physical activity. We investigated the association between physical activity (≥1.6 METs) measured early after surgery and walking ability at 1 and 2 weeks after surgery. [Results] The rehabilitation intervention times were 119.0 [104.7-129.3] min/day. Factors associated with walking independence were as follows: 1 week after surgery, fracture type, cognitive function, and physical activity during rehabilitation sessions; 2 weeks after surgery, surgery type, cognitive function, and physical activity during rehabilitation sessions. The cutoff values for physical activity during rehabilitation sessions for determining walking independence were ≥21.6% and ≥17.8% at 1 and 2 weeks after surgery, respectively. [Conclusion] Physical activity during early after surgery rehabilitation sessions affects short-term walking ability. Our findings emphasize the importance of establishing indicators of physical activity and early mobilization during early after surgery rehabilitation sessions.",2026-09-05,article_date,Journal of physical therapy science,Journal Article,https://pubmed.ncbi.nlm.nih.gov/42703587/,https://www.ncbi.nlm.nih.gov/pmc/articles/PMC13546774/,https://doi.org/10.1589/jpts.38.431,https://www.ncbi.nlm.nih.gov/pmc/articles/PMC13546774/,PMC; DOI,success,,skipped_full_text_max,,
42703584,Seconds Save Sight: Improving Orbital Compartment Syndrome Management Through a Closed-Loop Quality Improvement Project.,"Introduction Orbital compartment syndrome is a rare but sight-threatening ophthalmic emergency requiring immediate recognition and intervention to prevent irreversible vision loss. Emergency lateral canthotomy and cantholysis remain the definitive treatment; however, the infrequent nature of the procedure means many ophthalmologists have limited practical experience and reduced procedural confidence. In addition to technical familiarity, delays in treatment may arise from difficulties locating emergency equipment within clinical environments. This quality improvement project evaluated clinician preparedness for the management of orbital compartment syndrome within a UK National Health Service (NHS) ophthalmology department and assessed the impact of introducing standardised emergency lateral canthotomy grab kits alongside focused educational teaching. Methods A single-centre closed-loop quality improvement project was undertaken within a UK NHS ophthalmology department. Clinicians of varying grades completed a baseline questionnaire assessing confidence in recognising orbital compartment syndrome, performing emergency lateral canthotomy, and locating the equipment required to undertake the procedure under time-critical conditions. Following baseline assessment, two interventions were implemented: a focused departmental teaching session reviewing recognition and management of orbital compartment syndrome and a dedicated emergency lateral canthotomy grab kit containing all equipment required for orbital decompression. A repeat survey was undertaken following implementation to evaluate changes in clinician preparedness, procedural confidence, and perceived accessibility of emergency equipment. Results Baseline findings demonstrated variable confidence in performing emergency lateral canthotomy and highlighted uncertainty regarding the location of essential equipment. Following implementation of the educational intervention and emergency grab kit, clinicians reported improved preparedness and procedural confidence. Around 92% of participants agreed that the introduction of dedicated grab kits improved procedural efficiency and accessibility, while all respondents reported being able to identify the equipment required to perform emergency lateral canthotomy following implementation. Conclusion This quality improvement project demonstrated that simple, low-cost interventions can improve clinician preparedness for the management of orbital compartment syndrome. Combining focused education with standardised emergency equipment may reduce avoidable delays during time-critical ophthalmic emergencies and represent an easily reproducible intervention that could be adopted across ophthalmology departments nationwide to improve the management of orbital compartment syndrome.",2026-09-06,article_date,Cureus,Journal Article,https://pubmed.ncbi.nlm.nih.gov/42703584/,https://www.ncbi.nlm.nih.gov/pmc/articles/PMC13546730/,https://doi.org/10.7759/cureus.115862,https://www.ncbi.nlm.nih.gov/pmc/articles/PMC13546730/,PMC; DOI,success,,skipped_full_text_max,,
42703583,Asymmetrical spatiotemporal adjustment between the limbs after self-mobilization exercise program.,"[Purpose] To examine the immediate effect of self-mobilization exercise program on spatiotemporal, kinematic, and kinetic parameters in gait. [Participants and Methods] Thirty-two healthy adults were randomly allocated to the Exercise group that performed three warm-up positions and seven small movements or the Control group that lay supine. Before and immediately after the interventions, we assessed participants' gait at their self-selected comfortable speeds to capture spatiotemporal parameters, kinematics, and ground reaction force (GRF). [Results] In the Exercise group, the double-support and right stance phases of gait remained unchanged, whereas the left stance phase revealed significant changes after the intervention. Furthermore, the Exercise group demonstrated significant decreases in peak hip flexion and increases in peak hip extension bilaterally, while maintaining a more upright trunk position. Neither group showed significant changes in GRFs or joint angular velocities. [Conclusion] The exercise program altered the dynamic control of the trunk-hip motion in gait. The kinematic changes without concomitant changes in force and joint angular velocity potentially reflect an adjustment of the movement control strategy.",2026-09-05,article_date,Journal of physical therapy science,Journal Article,https://pubmed.ncbi.nlm.nih.gov/42703583/,https://www.ncbi.nlm.nih.gov/pmc/articles/PMC13546777/,https://doi.org/10.1589/jpts.38.369,https://www.ncbi.nlm.nih.gov/pmc/articles/PMC13546777/,PMC; DOI,success,,skipped_full_text_max,,
42703580,Effects of metatarsal bar and heel lift on foot biomechanics during gait: implications for performance-related biomechanics.,"[Purpose] This study investigated the biomechanical effects of metatarsal bars (MTB) and heel lifts (HL) on lower-limb kinematics and kinetics during gait. [Participants and Methods] Twenty healthy adults underwent three-dimensional gait analysis. Ankle dorsiflexion angle, internal plantarflexion moment, medial longitudinal arch (MLA) height, and gravity movement (GM) were evaluated at 0%, 12%, 31%, and 50% of the walking cycle (WC) and at peak stance. Data were analyzed using two-way repeated-measures ANOVA (condition × WC), followed by Holm-adjusted post-hoc comparisons. [Results] Compared with HL, MTB significantly increased ankle dorsiflexion and decreased MLA height at 31% and 50% WC. Conversely, HL significantly reduced the plantarflexion moment at 12% WC but increased it at 50% WC and peak stance. No significant differences were found in GM, though MTB tended to shift GM posteriorly and HL anteriorly during the latter half of the stance phase. [Conclusion] MTB and HL exhibit distinct phase-specific biomechanical strategies. MTB increases dorsiflexion and reduces MLA height during mid-to-late stance (31-50% WC), suggesting a shock absorption-oriented strategy. In contrast, HL modulates plantarflexion moments to facilitate forward progression. These findings emphasize selecting orthotic components based on specific biomechanical demands at different gait phases.",2026-09-05,article_date,Journal of physical therapy science,Journal Article,https://pubmed.ncbi.nlm.nih.gov/42703580/,https://www.ncbi.nlm.nih.gov/pmc/articles/PMC13546776/,https://doi.org/10.1589/jpts.38.387,https://www.ncbi.nlm.nih.gov/pmc/articles/PMC13546776/,PMC; DOI,success,,skipped_full_text_max,,
42703577,Duplicate gallbladder masquerading as a choledochal cyst: a case of single-port robotic surgery.,"Gallbladder duplication is a rare congenital anomaly (1 in 4000 births) that can mimic other biliary pathologies, risking iatrogenic injury. A 61-year-old male presented with fever, right upper quadrant pain, and elevated aminotransferases. Contrast-enhanced computed tomography and magnetic resonance imaging initially suggested a 3.6-cm Todani type II choledochal cyst posterior to the gallbladder. Suspecting duplication, surgeons utilized a single-port robotic approach via the da Vinci SP system. Intraoperatively, two distinct gallbladders with independent cystic ducts were identified and successfully resected without complications. The operative time was 65 min, and histopathology confirmed chronic cholecystitis in both specimens. This case highlights the difficulty of differentiating gallbladder duplication from a type II choledochal cyst using cross-sectional imaging. Single-port robotic cholecystectomy offers enhanced visualization and articulating instrumentation, facilitating the safe, precise management of complex biliary anomalies.",2026-09-07,article_date,Journal of surgical case reports,Case Reports; Journal Article,https://pubmed.ncbi.nlm.nih.gov/42703577/,https://www.ncbi.nlm.nih.gov/pmc/articles/PMC13546762/,https://doi.org/10.1093/jscr/rjag766,https://www.ncbi.nlm.nih.gov/pmc/articles/PMC13546762/,PMC; DOI,success,,skipped_full_text_max,,
42703576,Placenta accreta and uterine arteriovenous malformation following medically treated missed abortion in patient with undiagnosed cesarean scar pregnancy.,"Cesarean scar pregnancy (CSP) is a rare condition, accounting for 6% of ectopic pregnancies, with a rising incidence. If not diagnosed early, it may lead to severe complications such as hemorrhage, need for surgery, placenta accreta, and arteriovenous malformation (AVM). Treatment consists of expectant management, medical, or surgical regiments. A 31-year-old woman (G3P2) with one previous cesarean section presented for early pregnancy evaluation. Ultrasound initially showed an intrauterine pregnancy, but follow-up confirmed a missed abortion, and mifepristone/misoprostol regimen was initiated. At follow-up, persistent tissue at the cesarean scar raised suspicion of scar pregnancy. Declining human chorionic gonadotropin levels were noted, and expectant management implemented. Increased bleeding led to ultrasound and magnetic resonance imaging, revealing a 10 cm tumor suspicious of AVM. Fertility-preserving surgery with laparoscopic 'niche' resection technique was pursued, but hysterectomy was ultimately required. Histopathological examination showed placenta accreta. Early diagnosis and management of CSP are essential to reduce serious complications.",2026-09-07,article_date,Journal of surgical case reports,Case Reports; Journal Article,https://pubmed.ncbi.nlm.nih.gov/42703576/,https://www.ncbi.nlm.nih.gov/pmc/articles/PMC13546761/,https://doi.org/10.1093/jscr/rjag773,https://www.ncbi.nlm.nih.gov/pmc/articles/PMC13546761/,PMC; DOI,success,,skipped_full_text_max,,
42703575,Reliability and measurement error of hip abductor muscle strength using a hand-held dynamometer in healthy adults.,"[Purpose] Patients with hip osteoarthritis commonly exhibit weakened hip abductor (HA) muscles. Accurate assessment of muscle strength is critical; however, the reliability of HA strength measurements remains underreported. This study aimed to evaluate reliability and measurement error for HA muscle strength values measured with a hand-held dynamometer (HHD). [Participants and Methods] Two physical therapists measured HA muscle strength in 20 healthy adults (40 limbs) using an HHD. Participants were positioned supine, with lower limbs placed in a belt loop. Average and maximum values from the two trials were used for analysis. Reliability was assessed using intra-class correlation coefficients (ICCs). To evaluate changes in HA muscle strength, the minimal detectable change (MDC) of normalized strength values was calculated using an equation. [Results] Inter-rater reliability was excellent, with ICCs of 0.95 and 0.92 for average and maximum values, respectively. The associated standard errors of measurement and MDC values were 1.65 and 8.1 for average values, and 2.25 and 10.9 for maximum values, respectively. [Conclusion] Measuring hip abductor muscle strength using an HHD demonstrated excellent reliability. Using average value effectively reduced inter-rater variability and improved reliability.",2026-09-05,article_date,Journal of physical therapy science,Journal Article,https://pubmed.ncbi.nlm.nih.gov/42703575/,https://www.ncbi.nlm.nih.gov/pmc/articles/PMC13546772/,https://doi.org/10.1589/jpts.38.412,https://www.ncbi.nlm.nih.gov/pmc/articles/PMC13546772/,PMC; DOI,success,,skipped_full_text_max,,
42703572,Epithelioid hemangioma from inferior turbinate in a pediatric patient: a case report.,"Epithelioid haemangioma is a rare benign vasoproliferative lesion that commonly affects the head and neck region but is exceptionally uncommon within the nasal cavity, particularly in children. We report a 5-year-old previously healthy child presenting with recurrent left-sided epistaxis associated with progressive anemia. Nasal endoscopy demonstrated a vascular mass arising from the inferior turbinate, while computed tomography revealed a localized polypoid lesion without bony destruction. The patient underwent endoscopic excision with partial inferior turbinectomy, and histopathological examination confirmed epithelioid hemangioma with CD31 positivity. The postoperative course was uneventful, with complete resolution of symptoms and no recurrence during 1 year of follow-up. This case highlights the importance of considering rare vascular tumors in children presenting with persistent unilateral epistaxis.",2026-09-07,article_date,Journal of surgical case reports,Case Reports; Journal Article,https://pubmed.ncbi.nlm.nih.gov/42703572/,https://www.ncbi.nlm.nih.gov/pmc/articles/PMC13546760/,https://doi.org/10.1093/jscr/rjag772,https://www.ncbi.nlm.nih.gov/pmc/articles/PMC13546760/,PMC; DOI,success,,skipped_full_text_max,,
42703571,Association between 6-month changes in 4-m usual gait time and social function domain score among community-dwelling older adults: a secondary analysis of a community-based program.,"[Purpose] In this study, we aimed to examine whether within-person changes in physical function are associated with changes in the social function domain score among community-dwelling older adults participating in a municipal community program. [Participants and Methods] A secondary analysis was conducted using longitudinal data of 191 older adults who completed baseline and 6-month follow-up assessments. The social function domain score was calculated using four items from the Eleven-Check questionnaire. Physical function was assessed using the Short Physical Performance Battery. In addition, handgrip strength, Timed Up and Go, and 4-m maximum-pace gait time tests were performed. Changes in each variable were calculated as the 6-month follow-up value minus the baseline value. In addition, Spearman's rank correlation and multiple linear regression analyses were performed. [Results] Changes in the 4-m usual gait time were significantly correlated with changes in the social function domain score. In a regression model adjusted for age and sex, changes in 4-m usual gait time were associated with changes in the social function domain score. The model explained 9.3% of the variance. [Conclusion] 6-month changes in 4-m usual gait time were associated with changes in the social function domain score among community-dwelling older adults.",2026-09-05,article_date,Journal of physical therapy science,Journal Article,https://pubmed.ncbi.nlm.nih.gov/42703571/,https://www.ncbi.nlm.nih.gov/pmc/articles/PMC13546770/,https://doi.org/10.1589/jpts.38.394,https://www.ncbi.nlm.nih.gov/pmc/articles/PMC13546770/,PMC; DOI,success,,skipped_full_text_max,,
42703542,Diagnostic Accuracy of Lung Ultrasound for Pneumonia in Adult Intensive Care Unit Patients: A Systematic Review and Meta-Analysis.,"This systematic review and meta-analysis were conducted in an effort to evaluate the accuracy of using lung ultrasound (LUS) in the diagnosis of pneumonia in adult patients who are admitted to the intensive care unit (ICU) compared to the standard of care. The search involved obtaining data through the Medical Literature Analysis and Retrieval System Online (MEDLINE), PubMed, ClinicalTrials.gov, and Google Scholar and was conducted from inception until May 2026 to identify eligible studies. We included adult patients admitted to the ICU who were diagnosed with pneumonia on admission or developed pneumonia while in the ICU as hospital-acquired pneumonia (HAP)/ventilator-associated pneumonia (VAP). Those patients were evaluated by bedside LUS for the diagnosis of pneumonia, and their results were compared to the standard of care. A total of 2,704 articles were identified. Six studies were included in this systematic review and meta-analysis, presenting a total of 518 patients enrolled and 275 patients diagnosed with pneumonia using the standard of care, which included chest X-ray (CXR), CT scan of the chest, laboratory and culture data, biomarkers, or clinical diagnosis by the provider. The mean age was 63.9 years. 71.2% of patients were male, and 28.8% were female. The estimated summary measures of sensitivity (SE) and specificity (SP) of LUS were calculated as 0.95 (95% CI: 0.88, 0.98, p<0.01) and 0.71 (95% CI: 0.60, 0.80, p<0.01), respectively. Heterogeneity was moderate for both SE (I2=32.68, 2=0.38) and SP (I2=13.17, 2=0.15). The LUS application in the ICU has a high SE and moderate SP in the diagnosis of pneumonia in adult patients compared to the standard of care. Larger cohorts and data collection with analysis are needed to further understand and optimize protocols for LUS in the ICU to better inform the management of patients with pneumonia.",2026-09-06,article_date,Cureus,Journal Article; Review,https://pubmed.ncbi.nlm.nih.gov/42703542/,https://www.ncbi.nlm.nih.gov/pmc/articles/PMC13546699/,https://doi.org/10.7759/cureus.115858,https://www.ncbi.nlm.nih.gov/pmc/articles/PMC13546699/,PMC; DOI,success,,skipped_full_text_max,,
42703521,IMPAACT 2041: Designing the Study of Glecaprevir/Pibrentasvir Treatment During Pregnancy.,"The significant increase in hepatitis C virus (HCV) infection prevalence among young adults, including those who may become pregnant, has led to a corresponding increase in the number of infants exposed to and infected with HCV. Despite a recommendation for universal HCV screening during pregnancy, there is not always a clear pathway to immediately initiate treatment for maternal cure, which could also prevent vertical transmission like the approach for human immunodeficiency virus (HIV) or hepatitis B virus. In 2019, the American Association for the Study of Liver Diseases/Infectious Diseases Society of America HCV Guidelines panel endorsed the use of shared decision making between providers and patients when considering HCV treatment during pregnancy. Direct-acting antivirals, including glecaprevir/pibrentasvir (GLE/PIB), have been tremendously effective in curing >95% of individuals who begin treatment along with an overall well-characterized safety profile, but data supporting their use when initiated during pregnancy are more limited. International Maternal Pediatric Adolescent AIDS Clinical Trials 2041 is a multicenter single-arm phase I/II clinical trial designed to evaluate the pharmacokinetics and safety of GLE/PIB treatment initiated in pregnant women with HCV mono-infection or HCV/HIV co-infection. In this paper, we describe the relevant background data assembled from various sources to write the protocol and design the study.",2026-08-28,article_date,Open forum infectious diseases,Journal Article,https://pubmed.ncbi.nlm.nih.gov/42703521/,https://www.ncbi.nlm.nih.gov/pmc/articles/PMC13546789/,https://doi.org/10.1093/ofid/ofag537,https://www.ncbi.nlm.nih.gov/pmc/articles/PMC13546789/,PMC; DOI,success,,skipped_full_text_max,,
42703519,Incidence of and Risk Factors for Tuberculosis Among Patients Treated for Hepatitis C: a Population-based Cohort Study.,"BACKGROUND: There is limited evidence on factors affecting tuberculosis (TB) disease development among patients treated for hepatitis C virus (HCV) infection. This study aimed to estimate the incidence of and risk factors for TB disease among patients treated within a national hepatitis C elimination program.
METHODS: We conducted a cohort study using nationwide electronic TB and HCV databases. The study population included adults who completed HCV treatment between April 2015 and December 2022. We calculated TB disease incidence rate (IR) per 100 000 person-years (PY) with 95% confidence intervals (CIs) overall and by subgroups: advanced liver fibrosis (fibroscan ≥ F3 or FIB-4 > 3.25), diabetes mellitus (DM) (fasting glucose level≥7 mmol/l or self-reported diabetes), and low body mass index (BMI < 18.5). Poisson regression was used to estimate adjusted incidence rate ratio (aIRR) and 95% CIs.
RESULTS: Among 75 693 individuals who completed treatment for hepatitis C, 544 new TB cases were identified over a median follow-up period of 69 months, corresponding to an IR of 136 per 100 000 PY (95% CI: 125, 148). Individuals with DM had a 53% higher incidence of TB (aIRR = 1.53; 95% CI: 1.09, 2.07) compared to those without. Underweight individuals (BMI < 18.5) had a higher incidence of TB compared with those of normal weight (aIRR 2.8; 95% CI: 1.67, 4.41). Advanced liver fibrosis was not significantly associated with TB disease (aIRR = .95, 95% CI: 0.72, 1.24).
CONCLUSIONS: Individuals successfully treated for hepatitis C experienced high incidence of TB disease. Our findings suggest hepatitis C care programs may reduce TB risk by including DM screening and nutritional assessments.",2026-09-07,article_date,Open forum infectious diseases,Journal Article,https://pubmed.ncbi.nlm.nih.gov/42703519/,https://www.ncbi.nlm.nih.gov/pmc/articles/PMC13546780/,https://doi.org/10.1093/ofid/ofag497,https://www.ncbi.nlm.nih.gov/pmc/articles/PMC13546780/,PMC; DOI,success,,skipped_full_text_max,,
42703510,Adult Post-operative Mental Health Outcomes Following Abdominal and Orthopedic Surgeries: A Scoping Review.,"Poor mental health has been shown to negatively impact surgical outcomes; however, the impact of surgery on mental health remains under-investigated. Therefore, in this scoping review, we aimed to map the breadth and depth of evidence regarding post-operative mental health challenges faced by surgical patients. The review was conducted and reported in accordance with the Joanna Briggs Institute (JBI) methodology and the Preferred Reporting Items for Systematic reviews and Meta-Analyses extension for Scoping Reviews (PRISMA-ScR) checklist. A comprehensive search was conducted across PubMed, PsycINFO, Web of Science, the Cochrane Library, and gray literature sources. Of 29,536 studies initially identified, 86 primary research studies on adult populations where the primary outcomes were post-operative depression, anxiety, or post-traumatic stress disorder (PTSD) were included. Most studies were conducted in China (21) and the USA (14). Depression and anxiety symptoms were highly prevalent among patients; levels typically peaked during the early post-operative period before gradually improving, with some studies reporting prevalence rates of >60%. However, marked improvements in anxiety and depressive symptoms were observed following bariatric and corrective orthopedic surgeries. Notably, PTSD was more common among amputees and women undergoing cesarean deliveries. Our findings highlight a scarcity of evidence from low-income countries, as well as a lack of data on PTSD in patients undergoing urological or abdominal procedures other than cesarean sections. Additionally, marked heterogeneity in mental health assessment tools complicates the synthesis, interpretation, and comparison of data across studies. Large-scale, multinational studies are rare. In conclusion, post-operative depression, anxiety, and PTSD commonly occur after abdominal and orthopedic surgeries, and can significantly impair the quality of recovery and rehabilitation. Consequently, a multidisciplinary, patient-centered approach is essential to optimize surgical and mental health outcomes, ultimately ensuring the delivery of holistic patient care. Also, there is an urgent need to develop and harmonize mental health assessment tools for the post-surgical setting.",2026-09-05,article_date,Cureus,Journal Article; Review,https://pubmed.ncbi.nlm.nih.gov/42703510/,https://www.ncbi.nlm.nih.gov/pmc/articles/PMC13546574/,https://doi.org/10.7759/cureus.115806,https://www.ncbi.nlm.nih.gov/pmc/articles/PMC13546574/,PMC; DOI,success,,skipped_full_text_max,,
42703507,Quantifying Quality Care: The Financial Argument for Protecting Time for Quality Improvement Work by Infectious Diseases Physicians.,,2026-08-22,article_date,Open forum infectious diseases,Editorial,https://pubmed.ncbi.nlm.nih.gov/42703507/,https://www.ncbi.nlm.nih.gov/pmc/articles/PMC13546779/,https://doi.org/10.1093/ofid/ofag521,https://www.ncbi.nlm.nih.gov/pmc/articles/PMC13546779/,PMC; DOI,success,,skipped_full_text_max,,
42703497,Lung Cancer Screening-Eligible Population From 2000 to 2050 in Argentina: A Simulation Study Brief Report.,"INTRODUCTION: In Argentina, lung cancer remains the leading cause of cancer death. However, the National Cancer Institute lacks formal lung cancer screening (LCS) recommendations. We projected LCS-eligible populations from 2000 to 2050 under varying screening criteria.
METHODS: We used Argentina's version of the Cancer Intervention and Surveillance Modeling Network Smoking History Generator. This microsimulation model generates cohort-specific smoking histories by age and sex. We projected the number of LCS-eligible individuals in Argentina from 2000 to 2050 under (1) the U.S. Preventive Services Task Force 2021 criteria (ages 50-80 y, ≥20 pack-years, currently smoke or have quit within the past 15 y) and (2) the U.S. National Lung Screening Trial criteria (ages 55-74, ≥30 pack-years, currently smoke or have quit within the past 15 y).
RESULTS: Under the U.S. Preventive Services Task Force 2021 criteria, LCS-eligible individuals are projected to plateau at 1.6 million between 2018 and 2036, declining to 1.3 million by 2050; the proportion of eligible individuals aged 50 to 80 years is expected to fall from 15.1% in 2018 to 7.8% in 2050 amid population growth and declining smoking rates. Under the National Lung Screening Trial criteria, eligibility peaks at 0.8 million in 2016 and declines to 0.6 million by 2050; the proportion of eligible individuals aged 55 to 74 years decreases from 11.2% to 5.3% over this period.
CONCLUSIONS: Demand for LCS will gradually decrease as fewer individuals meet the eligibility criteria. Despite projected declines, between 0.5 million and more than 1 million Argentinians will remain LCS eligible by mid-century, supporting consideration of a national screening program to reduce lung cancer mortality.",2026-04-27,article_date,JTO clinical and research reports,Journal Article,https://pubmed.ncbi.nlm.nih.gov/42703497/,https://www.ncbi.nlm.nih.gov/pmc/articles/PMC13546832/,https://doi.org/10.1016/j.jtocrr.2026.101006,https://www.ncbi.nlm.nih.gov/pmc/articles/PMC13546832/,PMC; DOI,success,,skipped_full_text_max,,
42703483,Unearthing Forest History: Integrating Soil Charcoal Macrofossils and Pollen Reveals Delayed Forest Responses to Holocene Climatic Transitions in Boreal-Temperate Ecotone.,"Studying historical dynamics and compositional changes of ecotones is essential for improving predictions of their responses to anthropogenic global change. However, the small size and geographic isolation of marginal ecotonal stands require retrospective analyses at the local scale. Here, we combine soil macrofossil charcoal analysis (SMCA), a lake-sediment pollen record, and contemporary forest inventories to reconstruct past dynamics and assess contemporary trajectories of forest stands located at the northern boundary of the boreal-temperate ecotone (BTE) in the Rimouski hinterland (Lower St. Lawrence region, Canada). Radiocarbon-dated soil charcoal particles and regional pollen data reveal a delayed local establishment of thermophilous species, such as white pine (Pinus strobus), toward the end of the Holocene Climatic Optimum. This lagged expansion of temperate taxa coupled with a decline of boreal conifers led to the development of thermophilous assemblages that persisted into the early Neoglacial despite climatic cooling. Borealization of the landscape did not begin until the late Neoglacial (⁓1500 cal year BP), coinciding with shifts in the fire regime and the arrival of the eastern white cedar (Thuja occidentalis). At the stand-scale, comparisons among charcoal assemblages in buried and surface soil layers with dead and living trees reveal an unprecedented proliferation by trembling aspen, as well as a recent establishment of jack pine likely reflecting anthropogenic disturbances associated with European settlement. However, current size-class distribution suggests that these recent changes are likely to be transient in the absence of recurrent disturbances. Although predictive modeling remains necessary to forecast future forest trajectories under climate change, our results underscore the value of multi-proxy reconstructions for disentangling vegetation responses to interacting climate and disturbance drivers.",2026-09-06,article_date,Ecology and evolution,Journal Article,https://pubmed.ncbi.nlm.nih.gov/42703483/,https://www.ncbi.nlm.nih.gov/pmc/articles/PMC13546814/,https://doi.org/10.1002/ece3.74316,https://www.ncbi.nlm.nih.gov/pmc/articles/PMC13546814/,PMC; DOI,success,,skipped_full_text_max,,
42703479,Retrospective Analysis of Chronic Q Fever Cases at a Tertiary Care Center From 2007 to 2023.,"BACKGROUND: Chronic Q fever, caused by Coxiella burnetii, presents significant diagnostic and management challenges due to its variable presentation and high morbidity, especially among patients with underlying cardiac or vascular disease. In the United States, cases are rising, often without identifiable exposures, and diagnostic delays remain common.
METHODS: We conducted a retrospective cohort study of chronic Q fever cases at the Mayo Clinic from 2007 to 2023. Patients with clinical evidence and a phase I IgG titer ≥1:1024 and/or positive polymerase chain reaction for C burnetii were included. Data were abstracted from electronic health records, including demographics, exposures, clinical manifestations, diagnostics, treatments, and outcomes. Statistical analyses assessed factors influencing diagnostic delay and treatment response.
RESULTS: We identified 33 patients with chronic Q fever (median age 56; 88% male). Median time to diagnosis was 99 days, with 11.4 days between infectious diseases evaluation and diagnosis. Animal exposure was reported in 17 patients (52%), while 8 (24%) had no identifiable exposure. Patients primarily presented with prosthetic valve endocarditis (n = 14, 42%) or vascular graft infection (n = 9, 27%). The majority were treated with doxycycline and hydroxychloroquine (n = 25, 75%), and 14 patients (42%) required surgical intervention. Mortality attributable to chronic Q fever was 6% (n = 2).
CONCLUSIONS: Chronic Q fever remains under-recognized, with substantial diagnostic delays prior to treatment. Cardiovascular infection predominates, and surgical intervention is often required despite prolonged antimicrobial therapy. Early specialist evaluation and standardized diagnostic pathways may improve outcomes.",2026-08-21,article_date,Open forum infectious diseases,Journal Article,https://pubmed.ncbi.nlm.nih.gov/42703479/,https://www.ncbi.nlm.nih.gov/pmc/articles/PMC13546791/,https://doi.org/10.1093/ofid/ofag542,https://www.ncbi.nlm.nih.gov/pmc/articles/PMC13546791/,PMC; DOI,success,,skipped_full_text_max,,
42703477,Boarding times of patients admitted to the Emergency Department of an Ethiopian hospital.,"BACKGROUND: Prolonged boarding time has significant impacts on the quality of care, patient safety, and patient satisfaction. However, there is a paucity of evidence regarding patients' experiences and boarding time in Ethiopia. Therefore, this study aimed to assess the boarding time of patients admitted to the adult Emergency Department (ED) of an Ethiopian hospital.
METHODS: A cross-sectional study design was employed at Jimma University Medical Center, from May 1 to June 30, 2024. A consecutive sampling technique was used to select 422 participants. Data were collected through patient interviews and chart reviews. Descriptive and linear regression analysis were performed to identify factors associated with boarding time. A p-value of <0.05 with 95% confidence interval (CI) was used to declare a statistically significant association.
RESULTS: The average boarding time in the ED was 37.9 ± 30.0 h, with 72.7% of patients experienced prolonged boarding time in the ED. Self-payment, triage to orange or yellow categories, being comatose, and longer ED length of stay were associated with increased boarding time. In contrast, ICU admission and patient satisfaction were associated with decreased boarding time.
CONCLUSION: Nearly three-fourths of the study participants experienced prolonged boarding time in the ED. Self-pay, being triaged to orange or yellow category, comatose status, and ED length of stay were associated with increased boarding time. ICU admission and patient satisfaction were associated with decreased boarding time. The hospital should provide additional inpatient beds, implement efficient triage and admission protocols, strengthen insurance coverage, improve diagnostic efficiency, develop an early discharge planning protocol, improve oxygen supply, appropriate deployment of porters and enhance effective interdepartmental communication to decrease boarding time.",2026-08-27,article_date,African journal of emergency medicine : Revue africaine de la medecine d'urgence,Journal Article,https://pubmed.ncbi.nlm.nih.gov/42703477/,https://www.ncbi.nlm.nih.gov/pmc/articles/PMC13546844/,https://doi.org/10.1016/j.afjem.2026.100982,https://www.ncbi.nlm.nih.gov/pmc/articles/PMC13546844/,PMC; DOI,success,,skipped_full_text_max,,
42703475,Growth-stage deep learning for UAV hyperspectral estimation of leaf nitrogen content in winter wheat.,"Leaf nitrogen content (LNC) is critical for crop nutrition and precision fertilization. UAV-based hyperspectral sensing enables rapid field-scale nitrogen diagnosis in winter wheat, but stage-dependent drift in the LNC-spectral relationship limits multi-temporal monitoring. To address this limitation, this study proposed a Growth-stage Deep learning model for Leaf Nitrogen Content estimation in winter wheat (GD-LNC). The core innovation of GD-LNC lies in the synergistic integration of explicit growth-stage embedding with a dynamic feature fusion gating mechanism. The growth stage was incorporated as a key parameter in the deep learning-based hyperspectral model for LNC estimation. This strategy improved the generalization ability of multi-temporal LNC estimation during the grain-filling period. This study utilized the datasets from two growing seasons of multi-factor winter wheat experiments. The datasets included UAV-based hyperspectral images and synchronous ground samples. LNC-sensitive bands were selected via stepwise projection algorithm (SPA) and shuffled frog leaping algorithm (SFLA). Subsequently, a multi-temporal dynamic feature extraction and growth-stage embedding branch was constructed. An adaptive fusion mechanism was then employed to dynamically adjust the contribution weights of each feature. These components together enabled robust estimation and mapping of LNC. Results show hyperspectral features strongly responded to LNC, and SFLA-selected bands retained key spectral information, improving estimation accuracy and stability. GD-LNC outperformed PLSR, LSTM and RF, with SFLA-GD-LNC achieving R2 of 0.88 and RMSE of 0.20% (training), and R2 of 0.85 with RMSE 0.22% (validation), and R2 of 0.88 with RMSE 0.21% (test). The model captured spatial and temporal LNC dynamics, providing a generalizable UAV hyperspectral framework for nitrogen monitoring and cross-stage adaptation.",2026-08-01,article_date,"Plant phenomics (Washington, D.C.)",Journal Article,https://pubmed.ncbi.nlm.nih.gov/42703475/,https://www.ncbi.nlm.nih.gov/pmc/articles/PMC13546839/,https://doi.org/10.1016/j.plaphe.2026.100263,https://www.ncbi.nlm.nih.gov/pmc/articles/PMC13546839/,PMC; DOI,success,,skipped_full_text_max,,
42703473,Social Categories and Boundary-Making: Exploring the Potential of Interactive Visual Tools to Study Boundary Work within Personal Networks.,"Research on categorisation and boundary work has often focused on how institutional actors draw boundaries between groups of individuals, overlooking how individuals informally contest or reinforce these boundaries and categories. In this article, we make the case for new interactive qualitative data collection strategies to inductively explore social categorisation and boundary-making processes within personal networks, bringing together the potential of visualisation and personal network research. We introduce an innovative methodological procedure for in-depth interviewing that consists of asking participants to report on specific network members while using two novel interactive visual tools displayed on electronic devices. By discussing examples from our research, we illustrate the method's potential in the data collection and analysis stages and highlight the technical, methodological, and conceptual contributions it can make to the study of social boundaries.",2025-08-18,article_date,Sociological research online,Journal Article,https://pubmed.ncbi.nlm.nih.gov/42703473/,https://www.ncbi.nlm.nih.gov/pmc/articles/PMC13546733/,https://doi.org/10.1177/13607804251347267,https://www.ncbi.nlm.nih.gov/pmc/articles/PMC13546733/,PMC; DOI,success,,skipped_full_text_max,,
42703467,"Shifting terrains of expertise: Power, knowledge and the era of Industry 4.0.","This article examines the social and political construction of Industry 4.0 (I4.0) technologies, situating I4.0 as the latest of several episodes of power that have shaped the shifting terrains of expertise. Expertise and power relations unfold over time, with expert groups exercising persuasive and coercive forms of power through the mobilisation of knowledge amongst other sources. Building on a processual analysis of the Montreal Aerospace cluster, we situate I4.0 as contextually bounded and identify how experts are mobilisers and carriers of knowledge, shifting the terrain of expertise and reproducing and transforming the rules of the game with implications for systemic power relations.",2026-02-11,article_date,"Organization (London, England)",Journal Article,https://pubmed.ncbi.nlm.nih.gov/42703467/,https://www.ncbi.nlm.nih.gov/pmc/articles/PMC13546732/,https://doi.org/10.1177/13505084251366177,https://www.ncbi.nlm.nih.gov/pmc/articles/PMC13546732/,PMC; DOI,success,,skipped_full_text_max,,
42703463,Application of computer-aided design/computer-aided manufacturing and mixed reality technologies in a novel mandibular reconstruction plate system.,"Mandibular reconstruction following oral and maxillofacial tumor resection is essential for restoring occlusion and facial appearance. Conventional methods require intraoperative bending of plates, increasing surgical time and risking metal fatigue and plate fracture. Patient-specific implants (PSIs), created via preoperative computed tomography (CT) data and three-dimensional (3D) metal printing, have improved surgical accuracy and reduced operation times. In Japan, Cosmofix® is the only PSI system available, but it lacks osteotomy guides, complicating precise bone cuts and screw insertion angles. To address these gaps, we developed custom-designed osteotomy guides, using computer-aided design (CAD)/computer-aided manufacturing (CAM) and in-house 3D printing, and incorporated mixed reality (MR) technology to enhance preoperative and intraoperative planning and accuracy. Preoperative CT and 3D reconstruction were performed, and the resection range and Cosmofix® plate were designed in consultation with the engineer. The plate was equipped with claw-like projections to prevent displacement. Based on the plate design data, an osteotomy guide was created and manufactured using a 3D printer. Screw holes were designed for fixation. Using STL data, we created an application enabling multiple surgeons to visualize anatomical structures and resection margins in 3D during preoperative conferences and intraoperatively. A 22-year-old male patient with mandibular ameloblastoma underwent segmental resection and reconstruction using Cosmofix®, a custom osteotomy guide, and MR technology. Preoperative virtual planning allowed precise design of the reconstruction plate and osteotomy guides, and MR applications enabled shared surgical understanding and verification of resection range, jaw positioning, and implant angles during surgery. Postoperative accuracy assessment showed that bone surface error within 1 mm was achieved in 94.1% (right) and 92.9% (left) of the surgical area. At 1 year postop, functional and aesthetic outcomes were favorable, with no plate or bone abnormalities or signs of recurrence; furthermore, the patient showed recovering nerve function. The combination of PSIs, custom osteotomy guides, and MR technology enabled accurate, efficient mandibular reconstruction. This approach improved surgical precision and resulted in excellent functional and cosmetic outcomes.",2026-07-27,article_date,Quantitative imaging in medicine and surgery,Journal Article,https://pubmed.ncbi.nlm.nih.gov/42703463/,https://www.ncbi.nlm.nih.gov/pmc/articles/PMC13546596/,https://doi.org/10.21037/qims-2026-0407,https://www.ncbi.nlm.nih.gov/pmc/articles/PMC13546596/,PMC; DOI,success,,skipped_full_text_max,,
42703461,Short-term changes in frailty status and associated factors over 3 months of multidisciplinary outpatient care in older adults.,"[Purpose] To examine short-term changes in frailty status over 3 months in older adults attending a hospital-based frailty outpatient clinic and to identify factors associated with frailty improvement. [Participants and Methods] This retrospective observational study included 100 community-dwelling adults aged ≥60 years who attended a hospital-based frailty outpatient clinic and were classified as frail or pre-frail at baseline. The outpatient care program included medical evaluation, nutritional counseling, and individualized home exercise instruction. Frailty was assessed using the Japanese Cardiovascular Health Study criteria at baseline and after 3 months. [Results] Frailty status improved in 51% of participants after 3 months. Among the frailty components, slow walking speed and exhaustion showed the greatest improvements. In multivariable logistic regression analysis, daily home exercise adherence was independently associated with frailty improvement, whereas exercising several days per week or not exercising was associated with significantly lower odds of improvement. [Conclusion] Frailty status improved in approximately half of the participants during 3 months of multidisciplinary outpatient care. Daily home exercise frequency was independently associated with frailty improvement in this real-world clinical setting.",2026-09-05,article_date,Journal of physical therapy science,Journal Article,https://pubmed.ncbi.nlm.nih.gov/42703461/,https://www.ncbi.nlm.nih.gov/pmc/articles/PMC13546778/,https://doi.org/10.1589/jpts.38.379,https://www.ncbi.nlm.nih.gov/pmc/articles/PMC13546778/,PMC; DOI,success,,skipped_full_text_max,,
42703457,Dural Follicular Non-Hodgkin Lymphoma Mimicking a Chronic Subdural Hematoma: A Case Report and Literature Review.,"Primary dural lymphomas are rare neoplasms that can clinically and radiologically mimic a chronic subdural hematoma, delaying accurate diagnosis; the follicular subtype is an exceptionally rare variant within this group. We report the case of a 77-year-old woman with a history of arterial hypertension who, after two ground-level falls, developed progressive right-sided hemiparesis, ipsilateral hemidysesthesia, recent memory impairment, and a left hemicranial headache. Computed tomography showed a biconvex, hypodense left fronto-parietal lesion measuring 6 × 3 cm, and magnetic resonance imaging demonstrated a T2-hyperintense lesion with dural enhancement after contrast administration, findings initially interpreted as a probable traumatic subdural hematoma versus an arachnoid cyst. Once her anemia had been corrected and she was clinically stable, she underwent craniotomy, during which the dura mater was found to be markedly thickened; histopathological and immunohistochemical studies confirmed a follicular non-Hodgkin lymphoma with an interfollicular pattern in 95% and a follicular pattern in 5%, World Health Organization grade I, CD20-positive, Ki-67 30%. The postoperative course was favorable, with improvement of the hemiparesis; she was discharged and referred to hematology, where she received chemotherapy, but died two months later. A literature review identified 14 previously reported cases of dural lymphoma mimicking a subdural hematoma, to which the present case is added. Clinical, imaging, and histopathological features suggestive of this entity are discussed, along with the main differential diagnoses of dural enhancement, including Rosai-Dorfman disease and metastatic Hodgkin lymphoma. Dural lymphoma, particularly its follicular variant, should be considered in the differential diagnosis of extra-axial lesions resembling a subdural hematoma, especially in elderly patients without a clear history of trauma or with imaging findings discordant with the expected clinical course.",2026-09-05,article_date,Cureus,Case Reports; Journal Article,https://pubmed.ncbi.nlm.nih.gov/42703457/,https://www.ncbi.nlm.nih.gov/pmc/articles/PMC13546609/,https://doi.org/10.7759/cureus.115817,https://www.ncbi.nlm.nih.gov/pmc/articles/PMC13546609/,PMC; DOI,success,,skipped_full_text_max,,
42703455,"Clinical effects of shadow throwing instruction on improving the ""elbow dropped"" position: an examination of reproducibility during net and partner throwing drills.","[Purpose] This study investigated whether shadow throwing-based form instruction improves the ""elbow dropped"" position during net and partner throwing drills among youth baseball players who have recovered from throwing related shoulder or elbow injuries. [Participants and Methods] Forty-six right-handed male players (ages: 11-15 years) who exhibited the ""elbow dropped"" position during shadow throwing were analyzed after returning to throwing without pain following recovery from throwing-related shoulder or elbow injuries. The ""elbow dropped"" position during shadow throwing, net throwing, and partner throwing was evaluated using the SPLYZA Motion application, and occurrence rates were compared. [Results] The occurrence rates of the ""elbow dropped"" position were 0.0% for shadow throwing, 13.0% for net throwing, and 58.7% for partner throwing. The rate during partner throwing was significantly higher than during the other throwing conditions. [Conclusion] Shadow throwing instruction is effective for early form correction; however, this effectiveness decreases under actual throwing conditions. Phased instruction that incorporates realistic environmental factors, such as net and partner throwing drills, is necessary to maintain proper throwing mechanics.",2026-09-05,article_date,Journal of physical therapy science,Journal Article,https://pubmed.ncbi.nlm.nih.gov/42703455/,https://www.ncbi.nlm.nih.gov/pmc/articles/PMC13546775/,https://doi.org/10.1589/jpts.38.408,https://www.ncbi.nlm.nih.gov/pmc/articles/PMC13546775/,PMC; DOI,success,,skipped_full_text_max,,
42703443,Diffuse Caroli's disease with hepatolithiasis: a case report.,"Caroli disease is characterized by segmental, non-obstructive dilatation of the intrahepatic bile ducts, leading to bile stasis, recurrent cholangitis, hepatolithiasis, and an increased risk of cholangiocarcinoma. Caroli's disease, together with hepatic fibrosis, is termed Caroli's syndrome, which may lead to portal hypertension. Caroli's disease often requires treatment in symptomatic patients. Symptoms include recurrent cholangitis due to intrahepatic stones in dilated ducts or cirrhosis due to fibrosis. Liver transplantation remains the definitive treatment for diffuse disease. However, owing to organ shortages and long waiting lists, liver resection is an alternative for localized disease. Here, we present a rare case of an 18-year-old male with symptomatic, right-lobe-predominant Caroli's disease and hepatolithiasis who underwent surgical resection (right hepatectomy, stone extraction from exposed ducts at the resection margin, and intrahepatic-jejunostomy) with symptom resolution. This case highlights the role of liver resection in localized disease and reinforces the importance of individualized interventions in resource-limited settings.",2026-09-07,article_date,Journal of surgical case reports,Case Reports; Journal Article,https://pubmed.ncbi.nlm.nih.gov/42703443/,https://www.ncbi.nlm.nih.gov/pmc/articles/PMC13546763/,https://doi.org/10.1093/jscr/rjag769,https://www.ncbi.nlm.nih.gov/pmc/articles/PMC13546763/,PMC; DOI,success,,skipped_full_text_max,,
42703439,Small bowel perforation secondary to swallowed denture impaction at an NSAID-induced ileal diaphragm.,"Diaphragm disease of the small bowel is a rare but well-documented complication of prolonged nonsteroidal anti-inflammatory drug (NSAID) use. Characterized by circumferential mucosal diaphragms, the disease often presents as small bowel obstruction but can also lead to perforation. We report a case of small bowel perforation caused by a swallowed partial denture that became lodged at an ileal diaphragm in a patient with a history of long-term NSAID use. The diagnosis was confirmed histologically following a right hemicolectomy with primary stapled anastomosis. This case highlights the importance of considering diaphragm disease in patients on chronic NSAID therapy who present with signs of bowel obstruction or perforation, even when alternative diagnoses, such as Crohn's disease, are initially suspected.",2026-09-07,article_date,Journal of surgical case reports,Case Reports; Journal Article,https://pubmed.ncbi.nlm.nih.gov/42703439/,https://www.ncbi.nlm.nih.gov/pmc/articles/PMC13546764/,https://doi.org/10.1093/jscr/rjag763,https://www.ncbi.nlm.nih.gov/pmc/articles/PMC13546764/,PMC; DOI,success,,skipped_full_text_max,,
42703437,Effect of action observation training on upper functioning and self-care in individuals with mental illness: a randomized controlled pilot trial.,"[Purpose] This pilot trial investigated the effects of action observation training on upper limb function and self-care abilities in individuals with mental disorders. [Participants and Methods] Thirty participants with mental disorders were randomly assigned to an action observation training group or a landscape observation training group. Both groups completed 20 sessions over four weeks. The action observation training group observed videos of self-care-related tasks and practiced the corresponding movements, whereas the landscape observation training group observed landscape images and performed free upper-limb movements. Upper limb function was assessed using the Manual Function Test, and self-care abilities were evaluated using the Korean-Modified Barthel Index and Functional Independence Measure. [Results] Significant within-group improvements in Manual Function Test, Korean-Modified Barthel Index, and Functional Independence Measure scores were observed in the action observation training group. Between-group comparisons of change scores showed greater changes in these outcomes in the action observation training group than in the landscape observation training group. [Conclusion] Action observation training may support upper limb function and self-care abilities in individuals with mental disorders. Further studies with larger samples are needed to confirm these preliminary findings.",2026-09-05,article_date,Journal of physical therapy science,Journal Article,https://pubmed.ncbi.nlm.nih.gov/42703437/,https://www.ncbi.nlm.nih.gov/pmc/articles/PMC13546771/,https://doi.org/10.1589/jpts.38.401,https://www.ncbi.nlm.nih.gov/pmc/articles/PMC13546771/,PMC; DOI,success,,skipped_full_text_max,,
42703430,A Registry-Based Perspective of Interventional Clinical Trials for Duchenne Muscular Dystrophy.,"Background and objective Duchenne muscular dystrophy (DMD) is a severe, progressive, X-linked genetic disorder caused by pathogenic variants in the dystrophin gene, leading to progressive muscle weakness, loss of ambulation, and premature mortality. Clinical trials are essential for advancing evidence-based management of DMD; however, the overall patterns of study design, intervention strategies, funding, and results reporting remain incompletely characterized. This study aimed to characterize interventional DMD clinical trials registered in ClinicalTrials.gov as of May 25, 2026, and to assess patterns in study design, intervention type, trial phase, funding, results reporting, and trial start era. Methods A retrospective registry-based descriptive study was conducted using ClinicalTrials.gov. DMD-related records were identified using the free-text terms ""Duchenne muscular dystrophy,"" ""Duchenne,"" and ""DMD""; the search was not restricted by trial start year. Eligible records were interventional trials with a DMD-specific objective. Trial-level eligibility characteristics, study design, intervention type, trial phase, funding source, results posting, and start year were summarized. Era-wise comparisons were performed using the Fisher-Freeman-Halton exact test. Results A total of 232 interventional DMD trial records were included. Male-only eligibility was recorded for 198/232 trials (85.3%), and treatment was the primary purpose in 179/232 (77.2%). Drug interventions were the most frequent coded intervention category (101/232; 43.5%), Phase 2 was the largest phase category (58/232; 25.0%), and industry was the most common funder class (118/232; 50.9%). Results were posted on ClinicalTrials.gov for 76/232 trials (32.8%). The proportion of drug-intervention trials differed across start-year eras (p = 0.002). Biological interventions showed numerically greater representation in the most recent era, but the era-wise difference was not statistically significant (p = 0.420); industry sponsorship, Phase 3/4 status, randomization, and masking also did not differ significantly across eras. Conclusions ClinicalTrials.gov records show a predominantly treatment-oriented DMD research profile, with substantial industry involvement and frequent small-cohort studies. Therapeutic modalities are diverse, with biological and genetic approaches representing an important share of recent registered activity; however, most temporal comparisons of trial-design characteristics were not statistically significant. Limited registry results posting remains an important gap.",2026-09-06,article_date,Cureus,Journal Article,https://pubmed.ncbi.nlm.nih.gov/42703430/,https://www.ncbi.nlm.nih.gov/pmc/articles/PMC13546769/,https://doi.org/10.7759/cureus.115865,https://www.ncbi.nlm.nih.gov/pmc/articles/PMC13546769/,PMC; DOI,success,,skipped_full_text_max,,
42703325,Childhood Trauma and Aggression: The Role of Epistemic Trust.,"UNLABELLED: The relation between childhood trauma and aggression is well-established. Yet, empirical findings are inconclusive regarding specific associations between types of childhood trauma and distinct types of aggression, as well as regarding possible mechanisms explaining their association. We examined associations that physical and emotional abuse, physical and emotional neglect, and sexual abuse had with four aggression types according to the Quadripartite Violence Typology, as well as their indirect effects through epistemic trust, mistrust, and credulity in a community sample of 251 adult participants (54.2% women; M age = 31.33, SD = 11.20). Levels of childhood trauma were positively linked to higher levels of aggression and lower levels of epistemic trust. At the subscale-level, emotional abuse had the most consistent associations. Epistemic mistrust was consistently linked to aggression and helped explain relationships between childhood traumatic experiences and aggression. Accounting for the overlap across types of childhood trauma, only sexual abuse exerted unique effects, while most of the main findings were accounted by the shared variance among physical and emotional abuse and neglect. Childhood trauma emerged as a consistent yet non-specific risk factor for different types of aggression. Mistrust in others as sources of trustworthy information may be one pathway linking early traumatic experiences with later aggressive behavior.
SUPPLEMENTARY INFORMATION: The online version contains supplementary material available at https://doi.org/10.1007/s40653-026-00841-2.",2026-03-17,article_date,Journal of child & adolescent trauma,Journal Article,https://pubmed.ncbi.nlm.nih.gov/42703325/,https://www.ncbi.nlm.nih.gov/pmc/articles/PMC13546256/,https://doi.org/10.1007/s40653-026-00841-2,https://www.ncbi.nlm.nih.gov/pmc/articles/PMC13546256/,PMC; DOI,success,,skipped_full_text_max,,
42703323,A Single Case Study of an Emerging Adult Complex Trauma Survivor Pursuing a Graduate Degree.,"A complex trauma history is progressively detrimental and interferes with education in emerging adults. Instead of completing education at a higher level where fewer cases are found, previous studies have mostly targeted educational failure at the undergraduate level or below. A shift to a more positive view of the future for complex trauma survivors needs to be explored. A study of emerging adult graduate student complex trauma survivors helps understand the possibility of posttraumatic growth. This article presents a case study of a 24-year-old male who completed his graduate studies despite multiple stressors, i.e., the Covid-19 Pandemic and living with childhood complex trauma perpetrators. In addition to understanding growth and its dynamics, this study aims to understand whether the process was interrupted and whether relapse should be anticipated. There are four-theme results from interpretative phenomenological analysis that demonstrate academic persistence regardless of various difficulties, in line with resilience: firstly compromising with the demand, secondly negotiating self-potential despite shortcomings, thirdly opposing unchangeable destructive relationships with constructive ones. Posttraumatic growth may actually be indicated from areas outside the master's study, namely by developing meaningful relationships with compassion for perpetrators, gaining other significant persons, and persistently developing a talent that is the reason for higher education. The final one is the fourth result. Educators or practitioners can optimize student growth by encouraging each student's meaning of the major, understanding its relevance to the area they wish to develop and implicating it in assignments that pay attention individual uniqueness, as well as considering strengths in prognosis and interventions such as academic persistence, positive attributional style, coping flexibility, cognitively-controlled emotion-focused coping, and available support outside the family.",2025-11-03,article_date,Journal of child & adolescent trauma,Journal Article,https://pubmed.ncbi.nlm.nih.gov/42703323/,https://www.ncbi.nlm.nih.gov/pmc/articles/PMC13546252/,https://doi.org/10.1007/s40653-025-00783-1,https://www.ncbi.nlm.nih.gov/pmc/articles/PMC13546252/,PMC; DOI,success,,skipped_full_text_max,,
42703322,"Adverse Childhood Experiences and the Risk of Attention-Deficit/Hyperactivity Disorder (ADHD) Symptoms among Young Adults in Delhi-NCR, India.","Adverse childhood experiences (ACEs) are increasingly being recognized as an important risk factor for attention-deficit/hyperactivity disorder (ADHD). However, their relationship has not been adequately explored in low- and middle-income countries, including India. This study aims to explore the association between ACEs and ADHD symptoms among young adults in Delhi-NCR, India. This cross-sectional study included 1646 young adults aged 18-25 years. Sociodemographic data were collected using a pretested and modified interview schedule. ACEs were recorded using the ACE-International Questionnaire, and ADHD symptoms were screened using the ASRS v1.1 tool. Overall, the ACE-exposed group was 1.8 times more likely to have ADHD symptoms than the unexposed group [OR (95% CI) = 1.801 (1.240-2.615), p = 0.002]. Regarding ADHD subtypes, ACE exposure posed a 1.7-fold increased risk of inattentive type ADHD (ADHD-I) [OR (95% CI) = 1.779 (1.107-2.859), p = 0.017]. Further, the study also revealed a dose-response increase in the risk of overall ADHD symptoms and their subtypes with increasing ACE levels. Exposures to individual ACE domains, including household substance use, household mental illness, incarcerated household member, household violence, emotional neglect, any type of abuse, and bullying, were associated with higher odds of overall ADHD symptoms, but the associations varied across ADHD subtypes. These findings underscore the importance of ACEs in ADHD epidemiology in India and similar settings, where ACEs are often under-recognized as significant determinants of health. Prioritizing ACE screening in paediatric and adolescent populations may facilitate early identification of ADHD risk. Further, an ACE-informed approach may support the management of adult ADHD symptoms.",2026-01-20,article_date,Journal of child & adolescent trauma,Journal Article,https://pubmed.ncbi.nlm.nih.gov/42703322/,https://www.ncbi.nlm.nih.gov/pmc/articles/PMC13546242/,https://doi.org/10.1007/s40653-026-00819-0,https://www.ncbi.nlm.nih.gov/pmc/articles/PMC13546242/,PMC; DOI,success,,skipped_full_text_max,,
42703319,Childhood Trauma and Social Skills in Residential Care Youth: the Roles of Coping Strategies and Self-efficacy.,"This study explored how childhood traumatic experiences, such as abuse and neglect, are related to perceived poor social skills. It also examined how coping strategies and self-efficacy may moderate that relationship. The sample consisted of 214 participants (55.6% girls; Mage = 15.27) living in residential care in Romania. The length of time spent in the residential care center varies between one month and 16 years, with a mean of 4.81 years (SD = 3.80). Participants completed measures assessing traumatic experiences, perceived social skills, coping strategies, and self-efficacy. Path analysis showed that traumatic experiences and maladaptive coping strategies positively predicted, while adaptive coping strategies negatively predicted perceived poor social skills. This relationship was moderated only by self-efficacy. When self‑efficacy was high, participants with high levels of traumatic experiences also reported higher levels of perceived poor social skills. Among participants with minimal trauma exposure, low self-efficacy was still associated with poorer social skills. Lacking confidence in one's ability to manage social situations can be a barrier to healthy interpersonal functioning, even without a history of significant trauma. These findings highlight the importance of strengthening adaptive coping and building self-efficacy in all children. Both are associated with stronger socio-emotional development and show different patterns of association with adversity.",2026-04-20,article_date,Journal of child & adolescent trauma,Journal Article,https://pubmed.ncbi.nlm.nih.gov/42703319/,https://www.ncbi.nlm.nih.gov/pmc/articles/PMC13546259/,https://doi.org/10.1007/s40653-026-00875-6,https://www.ncbi.nlm.nih.gov/pmc/articles/PMC13546259/,PMC; DOI,success,,skipped_full_text_max,,
42703317,Pediatric ACEs and Related Life Events Screener (PEARLS v2): Adaptations and Acceptability.,"Due to a demonstrated relationship between Adverse Childhood Experiences (ACEs) and a range of psychological, physical, and social risks, there has been a growing movement to integrate routine ACEs screening in pediatric settings. As screenings have increased, there has also been a call for research to uncover areas for improvement in the implementation of these screenings. The Pediatric ACEs and Related Life Events Screener (PEARLS) is one common tool used for screening that has demonstrated construct validity in identifying three domains of adversity: maltreatment, household challenges, and social context. A second version of PEARLS (PEARLS v2) was adapted and refined in response to feedback collected from public health professionals, physicians, clinical psychologists, mental health specialists, and patients in a variety of settings, including clinics, state advisory boards, and health equity counsels. To ensure acceptability, this study examines caregiver feedback on PEARLS v2 through semi-structured interviews with 13 caregivers of child patients in Federally Qualified Health Centers. Using Rapid Qualitative Analysis, results highlight caregiver feedback on the addition of a written introduction to the screener and overall implementation preferences (i.e., location, length of time). Results also underscore caregiver feedback and suggestions on item clarity and acceptability, the addition of strength-based questions, perspectives on caregiver honesty in completing the screener, and preferences regarding provider response and resources. Findings support PEARLS v2 adaptations and provide caregiver-driven feedback to address acceptability and implementation of the screener in pediatric settings.",2025-11-05,article_date,Journal of child & adolescent trauma,Journal Article,https://pubmed.ncbi.nlm.nih.gov/42703317/,https://www.ncbi.nlm.nih.gov/pmc/articles/PMC13546261/,https://doi.org/10.1007/s40653-025-00774-2,https://www.ncbi.nlm.nih.gov/pmc/articles/PMC13546261/,PMC; DOI,success,,skipped_full_text_max,,
42703315,Psychological Interventions for Reducing Interpersonal Problems and Enhancing Interpersonal Competence among Adolescents with Posttraumatic Stress Symptoms: A Meta-Analysis.,"This study examined the effectiveness of psychological interventions in reducing interpersonal problems and enhancing interpersonal competence among adolescents with posttraumatic stress symptoms. A systematic search of PsycInfo, PubMed, Scopus, CINAHL and Google Scholar identified 17 studies that met the inclusion criteria, with 12 effect sizes reported for interpersonal competence and 24 for interpersonal problems. Results showed similar small but statistically significant aggregated post-intervention effect for both interpersonal competence (g = 0.37, p < 0.001, 95% CI [0.20, 0.55]) and interpersonal problems (g = 0.40, p < 0.001, 95% CI [0.25, 0.54]), with intervention type and mode significantly moderating effects only for interpersonal problems. Trauma-focused Cognitive Behavioural Therapy (TF-CBT) had the largest effect on interpersonal problems, whereas skill-based interventions had the smallest. Mixed-mode interventions also showed a significantly larger effect on interpersonal problems compared to group interventions. In contrast, neither intervention type nor mode significantly moderated effects on interpersonal competence. Furthermore, insufficient follow-up data precluded evaluation of the long-term effects of interventions. This meta-analysis indicates that current interventions have small but significant aggregated post-intervention effects on both interpersonal competence and interpersonal problems, with effectiveness influenced by intervention type and mode. However, this meta-analysis is limited by small inclusion number, inclusion of heterogenous assessments, and insufficient data to examine moderating effects of gender and age. This study identified gaps in existing evidence-based interventions simultaneously targeting both interpersonal competence and interpersonal problems. Moreover, a lack of sufficient follow-up assessments raises concerns about the long-term effectiveness of existing interventions. These findings underscore the need for integrative, evidence-based interventions that target both competence and maladaptive aspects of interpersonal functioning, as well as for further high-quality studies to rigorously evaluate their long-term effectiveness across diverse adolescent populations.",2026-03-20,article_date,Journal of child & adolescent trauma,Journal Article,https://pubmed.ncbi.nlm.nih.gov/42703315/,https://www.ncbi.nlm.nih.gov/pmc/articles/PMC13546249/,https://doi.org/10.1007/s40653-026-00854-x,https://www.ncbi.nlm.nih.gov/pmc/articles/PMC13546249/,PMC; DOI,success,,skipped_full_text_max,,
42703313,Parental Warmth as a Moderator Between Family Conflict and the use of Corporal Punishment: Adolescents' Perspectives.,"This study examined whether parental warmth moderates the relationship between family conflict and physical punishment from the perspective of Colombian adolescents. A sample of 3,279 adolescents (ages 10-19) from six municipalities in Cundinamarca completed the Communities That Care Youth Survey. Using multiple linear regression and moderation analysis, results revealed that higher parental warmth buffers the association between family conflict and the use of Physical punishment. Specifically, as parental warmth increases, the impact of family conflict on CP decreases. These findings highlight the protective role of warm parenting in mitigating negative family dynamics and have important implications for developing interventions and public policies to reduce harsh discipline in Colombia.",2026-04-11,article_date,Journal of child & adolescent trauma,Journal Article,https://pubmed.ncbi.nlm.nih.gov/42703313/,https://www.ncbi.nlm.nih.gov/pmc/articles/PMC13546263/,https://doi.org/10.1007/s40653-026-00867-6,https://www.ncbi.nlm.nih.gov/pmc/articles/PMC13546263/,PMC; DOI,success,,skipped_full_text_max,,
42703311,Improving Teacher Education to Adequately Deal with Child Sexual Abuse - an Exploratory Study.,"The prevalence of child sexual abuse (CSA) has remained consistently high for years. While children most often disclose experiences of CSA to trusted teachers than to other non-relative adults in their lives, many teachers report feeling unprepared to handle suspected CSA cases. Schools, too, note their uncertainty about whether to intervene and - when they do - which other professionals to involve at what stages of the process. Against this background, this paper aims to identify key CSA intervention training areas that can enable teachers to handle cases of suspected CSA professionally and competently. In contrast to existing research, which tends to focus exclusively on teachers, this Germany-based study draws on interviews with professionals from a wide range of institutions, including schools (n = 17), child protection services (n = 15), and law enforcement (n = 13). Significantly, all of the interviewees highlighted the need for improved teacher education on CSA intervention, with inter-institutional collaboration and knowledge of how to conduct an intervention being the most frequent topics of recollection among those interviewed.",2026-04-22,article_date,Journal of child & adolescent trauma,Journal Article,https://pubmed.ncbi.nlm.nih.gov/42703311/,https://www.ncbi.nlm.nih.gov/pmc/articles/PMC13546253/,https://doi.org/10.1007/s40653-026-00881-8,https://www.ncbi.nlm.nih.gov/pmc/articles/PMC13546253/,PMC; DOI,success,,skipped_full_text_max,,
42703309,Resilience in Children Survivors of Armed Conflict: a Systematic Scoping Review of Risk and Protective Factors.,"This systematic review explores the existing literature on resilience in children who have survived trauma from armed conflict. The review follows 5 stages of Arksey and O'Malley's framework of a scoping review; papers published between 2000 and 2025 were searched using PsychINFO, PubMed, ProQuest, Web of Science, and Google Scholar. Approximately 1097 articles were initially identified and evaluated in the preliminary search using the identified keywords. Of those retrieved, 19 met the criteria and were included, integrating the findings from 16 quantitative and 03 qualitative studies. The findings suggest that despite going through trauma from armed conflict exposure, the children experience resilience. Further findings suggest family and caregiver-related risks, psychological and emotional challenges, environmental and social stressors, behavioral and developmental concerns as risk factors for resilience and Family and Community Support, Psychological and Emotional Strengths, Social and Interpersonal Resources, Spiritual and Cultural Influences, Personal Growth and Future Orientation as protective factors for resilience in children. Implications for practice, policy, and future directions are discussed.",2026-02-10,article_date,Journal of child & adolescent trauma,Journal Article,https://pubmed.ncbi.nlm.nih.gov/42703309/,https://www.ncbi.nlm.nih.gov/pmc/articles/PMC13546258/,https://doi.org/10.1007/s40653-026-00828-z,https://www.ncbi.nlm.nih.gov/pmc/articles/PMC13546258/,PMC; DOI,success,,skipped_full_text_max,,
42703307,"Childhood Interpersonal Maltreatment and Adult Interpersonal Difficulties: Mediating Roles of I‑self Impairment, Rejection Sensitivity, and Emotion Dysregulation.","We tested a multiple‑mediator model examining the associations between retrospectively reported childhood interpersonal maltreatment and current interpersonal difficulties in Korean college students through I‑self impairment (the subjective/agentic facet of the self), rejection sensitivity, and difficulties in emotion regulation. Participants completed validated Korean versions of the Childhood Trauma Questionnaire (CTQ), the I‑self subscale of the Traumatized Self‑System Scale, a culturally adapted rejection sensitivity scale for Korean college students, and the Korean Difficulties in Emotion Regulation Scale. We evaluated the model using a two‑step structural equation modeling approach with bootstrap tests of indirect effects. The hypothesized model showed acceptable fit. Childhood interpersonal maltreatment was indirectly associated with greater interpersonal difficulties primarily through higher I‑self impairment. I‑self impairment, in turn, was associated with greater rejection sensitivity and emotion dysregulation. In single‑mediator tests, the indirect paths via rejection sensitivity and via emotion dysregulation were not significant after accounting for I‑self impairment. In the multiple‑mediator model, serial paths through I‑self impairment and downstream mechanisms were significant, whereas direct paths from maltreatment to rejection sensitivity, emotion dysregulation, and interpersonal difficulties were not, consistent with a full‑mediation pattern. Findings highlight I‑self impairment as a proximal mechanism connecting childhood interpersonal maltreatment to current interpersonal difficulties in early adulthood. We locate these associations within the Korean cultural context (e.g., relational interdependence and heightened concern for relational evaluation) and outline practice implications that prioritize restoring agentic/subjective self‑functions alongside targeted work on rejection expectancies and emotion regulation.",2026-02-18,article_date,Journal of child & adolescent trauma,Journal Article,https://pubmed.ncbi.nlm.nih.gov/42703307/,https://www.ncbi.nlm.nih.gov/pmc/articles/PMC13546393/,https://doi.org/10.1007/s40653-026-00825-2,https://www.ncbi.nlm.nih.gov/pmc/articles/PMC13546393/,PMC; DOI,success,,skipped_full_text_max,,
42703303,"Trauma Symptoms, Life Satisfaction, and Perceived Happiness as Predictors of Mental Health in Displaced Children and Adolescents in Niger.","This cross-sectional study examined relationships among trauma symptoms, mental health, life satisfaction, and perceived happiness in 265 displaced and refugee children in Niger (M age = 11.06). Guided by a socio-ecological and resilience-informed framework, the study explored both risk and protective factors. Results showed that life satisfaction was the strongest predictor of mental health, followed by perceived happiness, while trauma symptoms were not significant predictors. Unexpected findings included a negative association between life satisfaction and happiness and better outcomes among non-educated children, suggesting important cultural and contextual influences. The findings support strength-based, culturally sensitive interventions that prioritize relational and school-based resources to promote resilience.",2026-04-18,article_date,Journal of child & adolescent trauma,Journal Article,https://pubmed.ncbi.nlm.nih.gov/42703303/,https://www.ncbi.nlm.nih.gov/pmc/articles/PMC13546244/,https://doi.org/10.1007/s40653-026-00876-5,https://www.ncbi.nlm.nih.gov/pmc/articles/PMC13546244/,PMC; DOI,success,,skipped_full_text_max,,
42703301,"Negotiating Multiple Minoritised Identities: An Interpretative Phenomenological Analysis of Intersecting Sexual Orientation, Gender Identity, and Suicidal Thoughts and Behaviours Among Transgender and Gender-Diverse Young Adults.","UNLABELLED: Transgender and gender-diverse young adults, most of whom identify as lesbian, gay, bisexual, or queer, encounter considerable health, social, and systemic inequalities, leading to higher rates of trauma exposure, mental health difficulties, and suicidal thoughts and behaviours compared to their heterosexual and cisgender peers. The complex relationship between sexual orientation, gender identity, and suicide has received considerable attention, primarily from quantitative research focused on risk narratives, rather than an individual's lived experiences or specific healthcare needs. The aim was to explore the lived experiences of transgender and gender-diverse young adults, highlighting the impact of navigating multiple minoritised identities, exposure to trauma, victimisation, unmet healthcare needs, suicidal distress, and barriers and facilitators to accessing mental health services and gender-affirming care. Six young adults from Northern Ireland (UK) were recruited via social media and participated in semi-structured interviews. Interviews were audio-recorded, transcribed verbatim, and analysed using Interpretative Phenomenological Analysis (IPA), following a process of coding, theme development, and interpretative synthesis. Five group experiential themes were identified: (1) Delicate peace, delicate progress; (2) Queer suffering, safety and otherness; (3) Queerness shaping ones' worldview; (4) Unresolved trauma, and unmet healthcare needs; (5) Suicidal distress, and recovery. The findings elucidated two central narratives; the psychosocial impact of negotiating multiple minoritised identities in a heteronormative and cisnormative society and navigating suicidal distress by regaining a sense of control over your life. The findings provide valuable insights into the unique lived experiences, and specific healthcare needs of this population. Clinical implications are discussed, including the importance of trauma-informed care, cultural competence among healthcare practitioners, and tailored suicide prevention strategies for LGBTQ+ youth.
SUPPLEMENTARY INFORMATION: The online version contains supplementary material available at https://doi.org/10.1007/s40653-026-00877-4.",2026-04-21,article_date,Journal of child & adolescent trauma,Journal Article,https://pubmed.ncbi.nlm.nih.gov/42703301/,https://www.ncbi.nlm.nih.gov/pmc/articles/PMC13546265/,https://doi.org/10.1007/s40653-026-00877-4,https://www.ncbi.nlm.nih.gov/pmc/articles/PMC13546265/,PMC; DOI,success,,skipped_full_text_max,,
42703299,The Effect of body Positive Social Media on Young Women with a History of Emotional Abuse and/or Bullying Victimization.,"This study examined the effect of body-positive images from social media on mood and body satisfaction in young women who experienced childhood emotional abuse and/or bullying victimization compared to those without such adversities. A sample of 197 females aged 18-35 years was randomly assigned to view either body-positive, thin-ideal or neutral images, and rated their levels of mood and body satisfaction before and after viewing the images. Participants also completed questionnaires of emotional abuse/bullying victimization, body appreciation and self-objectification. Both emotional abuse and bullying victimization were associated with higher levels of negative mood (rs ≥ 0.190, ps ≤ 0.007), lower levels of positive mood (rs ≤ - 0.152, ps ≤ 0.033), body satisfaction (rs ≤ - 0.190, ps ≤ 0.008) and body appreciation (rs ≤ - 0.269, ps < 0.001), and greater self-objectification (rs ≥ 0.227, ps = 0.001). Importantly, body-positive images decreased negative mood, increased positive mood and body satisfaction, while thin-ideal images decreased mood and body satisfaction for both emotionally abused and not abused groups (Fs = 10.91-23.07, ps < 0.001, ηp 2 = 0.105 - 0.199), and high and low bullied groups (Fs = 9.76-17.24, ps < 0.001, ηp 2 = 0.095 - 0.156). Results suggest that body-positive images increase mood and body satisfaction in women with experiences of emotional abuse and/or bullying victimization in the same way as they do in women without such adversities. The findings add to the research on the effects of childhood trauma on mental health and body image and could inform interventions to reduce its negative impact.",2026-02-27,article_date,Journal of child & adolescent trauma,Journal Article,https://pubmed.ncbi.nlm.nih.gov/42703299/,https://www.ncbi.nlm.nih.gov/pmc/articles/PMC13546272/,https://doi.org/10.1007/s40653-026-00844-z,https://www.ncbi.nlm.nih.gov/pmc/articles/PMC13546272/,PMC; DOI,success,,skipped_full_text_max,,
42703291,"Stress, Loneliness and Resilience in the Relationship Between Adverse Childhood Experiences and Chronic Pain.","Adverse Childhood Experiences (ACEs) are recognized risk factors for chronic pain in adulthood, yet the underlying mechanisms remain unclear. A sample of 595 adults completed validated self-report measures assessing ACEs, perceived stress, loneliness, resilience, and chronic pain. Correlational analyses and a path analysis with multiple mediators were conducted to examine direct and indirect pathways linking ACEs to chronic pain. ACEs were positively associated with higher levels of perceived stress and loneliness, both of which significantly mediated the relationship between ACEs and chronic pain. In contrast, resilience demonstrated a protective mediating role, partially explaining the association between ACEs and chronic pain in a negative direction. These findings suggest that stress and loneliness represent key risk pathways linking early adversity to chronic pain, whereas resilience functions as a protective psychological mechanism. Interventions aimed at reducing stress and loneliness while fostering resilience may help mitigate the long-term impact of ACEs on chronic pain.",2026-03-16,article_date,Journal of child & adolescent trauma,Journal Article,https://pubmed.ncbi.nlm.nih.gov/42703291/,https://www.ncbi.nlm.nih.gov/pmc/articles/PMC13546302/,https://doi.org/10.1007/s40653-026-00859-6,https://www.ncbi.nlm.nih.gov/pmc/articles/PMC13546302/,PMC; DOI,success,,skipped_full_text_max,,
42703287,Beyond Post-traumatic Stress Disorder: Multiple Exposures to Traumatic Experiences are Associated with Increased Symptoms of a Variety of Psychiatric Disorders in Adolescents.,"Adolescents may show non-specific emotional and behavioral problems after exposure to potentially traumatic experiences (PTE). Interpersonal traumatic experiences such as physical sexual abuse (PSA) seem to be associated with higher symptom severity than non-interpersonal experiences. This study assessed the number and nature of PTE in a clinical sample of 105 adolescents between 14 and 20 years of age and examined their associations with the symptom severity of post-traumatic stress disorder (PTSD), depression, attention-deficit/ hyperactivity disorder (ADHD), general anxiety, and symptoms of borderline personality disorder. 94% of the adolescents who consulted a child and adolescent psychiatric outpatient clinic experienced at least one PTE, while on average, four PTEs were experienced. Higher numbers of PTEs were associated with more PTSD symptoms, but also with more symptoms of depression, anxiety, ADHD, and borderline personality disorder. Participants who had experienced PSA had a 9-folded risk for clinically significant PTSD symptoms than participants who had experienced other PTE but no PSA. Participants who identified as transgender or gender diverse (TGD) as well as cis-female adolescents reported higher rates of PSA than individuals who identified as cisgender males. The results underscore that adolescents with psychiatric disorders regularly experienced multiple PTE. Adolescents who were exposed to PSA are at particularly high risk of developing severe psychiatric disorders. Cis-female and TGD adolescents seem to be at a higher risk for PSA than cisgender males. The co-occurrence of a variety of symptoms of different psychiatric disorders poses the challenge of not overlooking relevant traumatic experiences during the diagnostic process.",2025-12-05,article_date,Journal of child & adolescent trauma,Journal Article,https://pubmed.ncbi.nlm.nih.gov/42703287/,https://www.ncbi.nlm.nih.gov/pmc/articles/PMC13546269/,https://doi.org/10.1007/s40653-025-00799-7,https://www.ncbi.nlm.nih.gov/pmc/articles/PMC13546269/,PMC; DOI,success,,skipped_full_text_max,,
42703286,Childhood Sexual Abuse and Common Mental Health Problems: Do Sexual Trade and Exchange Mediate the Relationship?,"Childhood sexual abuse (CSA) is likely to have significant implications for mental health outcomes across the lifespan. This study examines the relationship between CSA, sexual trade and exchange (STE), and common mental health problems (MHPs) among 335 adolescents (aged 12-20) as part of a larger study on adolescents in Norwegian residential youth care (RYC). We investigated the mediating role of STE in the relationship between CSA and MHPs, such as anxiety, depression, and substance abuse, using the Child and Adolescent Psychiatric Assessment (CAPA). We found that STE mediated the relationship between CSA and substance abuse. CSA was directly associated with anxiety and depression, while STE was significantly associated with anxiety, but not with depression. This study highlights the significant role of STE in association with substance abuse among sexually abused adolescents and underscores the need for further research on the long-term impact of CSA and STE on mental health.",2026-03-11,article_date,Journal of child & adolescent trauma,Journal Article,https://pubmed.ncbi.nlm.nih.gov/42703286/,https://www.ncbi.nlm.nih.gov/pmc/articles/PMC13546238/,https://doi.org/10.1007/s40653-026-00846-x,https://www.ncbi.nlm.nih.gov/pmc/articles/PMC13546238/,PMC; DOI,success,,skipped_full_text_max,,
42703283,Psychological Interventions for PTSD Children and Adolescents Within Two Years of Natural Disasters: A Systematic Scoping Review.,"UNLABELLED: Natural disasters are becoming more common in response to climate change. There is growing recognition of the traumatic impact on the psychological development of children and young people (CYP), due to their vulnerability. Considering the high prevalence of PTSD among natural disaster survivors, it is crucial to identify and implement effective psychological interventions for CYP, particularly in the early post-traumatic period to mitigate worsening implications for mental health. This systematic scoping review aims to summarize the current types of psychological and psychosocial interventions for CYP's PTSD within two-year post-disaster, settings that they were used in, as well as their effectiveness. This review adhered to PRISMA-ScR and TIDieR checklist to screen, evaluate, extract and synthesise studies. Inclusion criteria included CYP who were suffering from stress-related symptoms post-disaster. A total of 18 papers showing 16 unique studies were included, interventions included CBT, Narrative Exposure Therapy (NET), psychological first aid (PFA), play therapy and integrative programmes. Most were conducted in school contexts. There was a mixture of task-sharing interventions (delivered by non-specialists) and psychologist-delivered interventions. Most studies found significant reduction in PTSD symptoms except for a study on play therapy and another on school-based teacher-delivered psychosocial programme. Psychological interventions were effective in treating CYP's PTSD within two years after a disaster. However, this area is still under-researched and critical evidence is still lacking, such as the comparison of treatments and optimal timing of interventions, longitudinal evaluations, as well as how mitigating factors affect their effectiveness.
SUPPLEMENTARY INFORMATION: The online version contains supplementary material available at https://doi.org/10.1007/s40653-026-00847-w.",2026-03-17,article_date,Journal of child & adolescent trauma,Journal Article,https://pubmed.ncbi.nlm.nih.gov/42703283/,https://www.ncbi.nlm.nih.gov/pmc/articles/PMC13546279/,https://doi.org/10.1007/s40653-026-00847-w,https://www.ncbi.nlm.nih.gov/pmc/articles/PMC13546279/,PMC; DOI,success,,skipped_full_text_max,,
42703279,From Trauma to Bonding: the Role of Attachment in the Relationship Between Child Sexual Abuse and Adult Intimacy.,"Childhood sexual abuse (CSA) has been consistently associated with long-term difficulties in affective development, particularly in adult attachment and the capacity for intimacy. This study compared adult attachment patterns and intimacy levels between individuals with and without a self-reported history of CSA, using a sample of 587 Spanish-speaking adults, 161 of whom reported experiencing CSA. Participants completed validated measures of attachment and intimacy, and group differences were analyzed using MANOVAs. Multiple mediation analyses were conducted to explore whether attachment dimensions explained the link between CSA and intimacy outcomes, controlling for gender. Results showed that survivors of CSA exhibited significantly higher levels of attachment anxiety and avoidance, and lower socio-emotional competence. They also reported reduced intimacy and self-disclosure, particularly in relation to their personality and body. Mediation analyses indicated that attachment avoidance and low emotional competence mediated the relationship between CSA and all intimacy indicators. Interestingly, attachment anxiety was positively related to general intimacy but negatively associated with bodily self-disclosure. These findings highlight the indirect impact of CSA on adult intimacy through maladaptive attachment patterns. They suggest the need for trauma-informed interventions that go beyond memory processing to foster relational skills and embodied forms of safe intimacy-crucial elements for emotional healing in adulthood.",2026-03-05,article_date,Journal of child & adolescent trauma,Journal Article,https://pubmed.ncbi.nlm.nih.gov/42703279/,https://www.ncbi.nlm.nih.gov/pmc/articles/PMC13546251/,https://doi.org/10.1007/s40653-026-00845-y,https://www.ncbi.nlm.nih.gov/pmc/articles/PMC13546251/,PMC; DOI,success,,skipped_full_text_max,,
42703277,Adverse Childhood Experiences Screening in Pediatric Primary Care: Social Work and Behavioral Health Visits for New Versus Longer-Term Screening Clinics.,"BACKGROUND: Adverse Childhood Experiences (ACEs) screening in pediatric primary care is gaining momentum, yet few studies have tracked the referral pathways from positive screens to social work and behavioral health over time. The current study examined the stability of rates of referrals to social work and the visits to social work and behavioral health across one year.
METHODS: Data came from the electronic health records of children and adolescents between 2 and 18 years old who were members of a large integrated healthcare system serving Southern California and completed ACEs screening (N = 150,808). Poisson regression was used to compare the rate of referrals and visits to social work and behavioral health visits June 1-October 31 2023 for clinics that began ACEs screening June 1 2022 (Phase 1; n = 28) versus clinics newly initiating ACEs screening June 1 2023 (Phase 2; n = 61).
RESULTS: Adjusted rates for Phase 1 versus Phase 2 clinics were not significantly different for the three outcomes: rate of referrals to social work, rate of visits to social work, or rate of visits to behavioral health.
CONCLUSION: The lack of significant differences between Phase 1 and Phase 2 clinics supports the long-term feasibility of this particular screening and referral pathway and may inform other pediatric providers looking to begin ACEs screening.",2025-09-09,article_date,Journal of child & adolescent trauma,Journal Article,https://pubmed.ncbi.nlm.nih.gov/42703277/,https://www.ncbi.nlm.nih.gov/pmc/articles/PMC13546389/,https://doi.org/10.1007/s40653-025-00755-5,https://www.ncbi.nlm.nih.gov/pmc/articles/PMC13546389/,PMC; DOI,success,,skipped_full_text_max,,
42703276,"Personalizing the Quadriceps Tendon Graft in Anterior Cruciate Ligament Reconstruction: A Novel, Continuous Method to Predict Graft Size Using Preoperative MRI.","BACKGROUND: The quadriceps tendon (QT) graft is increasingly popular in primary anterior cruciate ligament reconstruction (ACLR). However, postoperative quadriceps strength can be significantly weakened after use of a QT graft, compared to using hamstring tendon or bone-patellar tendon-bone grafts. There currently exists no continuous method to predict QT graft size based on preoperative magnetic resonance imaging (MRI) measurements; only dichotomous methods exist at limited cutoff values.
PURPOSE: To (1) assess the accuracy of preoperative MRI QT thickness in predicting graft size dichotomously (<10 mm vs ≥10 mm), (2) assess the accuracy of the formula 2 ×√(WT/π) in predicting graft size continuously (within ±1.0 mm of the actual graft diameter), and (3) determine the interrater reliability of both methods; a minimum threshold of 10-mm QT graft diameter was selected given the young, high-demand athletic population in this cohort.
STUDY DESIGN: Cross-sectional study; Level of evidence, 3.
METHODS: This is a retrospective review of 130 patients who underwent primary ACLR with full-thickness QT autografts at a single tertiary institution from January 1, 2022, to July 17, 2025. A novel, reproducible method to measure QT thickness on the MRI sagittal view at the most proximal patellar attachment site was developed. Two blinded reviewers independently measured QT thickness. Receiver operating characteristic (ROC) analysis was performed to determine the optimal threshold for predicting a final graft diameter <10 mm, with area under the curve (AUC) as the primary measure of discriminative ability. Sensitivity and specificity at the optimal threshold were additionally reported given their direct clinical relevance to intraoperative decision-making at a fixed cutoff.
RESULTS: The mean age was 16.4 years (95% CI, 15.9-16.9 years), with 59 females and 71 males. ROC analysis identified a preoperative QT thickness <8.3 mm as the optimal threshold for predicting a final graft diameter <10 mm, with an AUC of 0.818, a sensitivity of 98.2%, and a specificity of 39.1%. The authors applied the formula 2 ×√(WT/π), demonstrating how graft diameter can be predicted from preoperative MRI, where T is the measured preoperative MRI graft thickness and W is the harvested graft width. Using this formula, the authors found that 90.0% of grafts were within ±1.0 mm of the actual graft diameter.
CONCLUSION: The authors present a novel, numerically continuous way of predicting harvested quadriceps graft size. A preoperative QT thickness <8.3 mm is 98.2% sensitive and 39.1% specific in predicting a final graft diameter <10 mm. Personalizing the width of the harvested QT according to patient's tendon thickness and surgeon's desired graft size may be considered to minimize unnecessary over- or underharvesting of QT in the future.",2026-09-03,article_date,Orthopaedic journal of sports medicine,Journal Article,https://pubmed.ncbi.nlm.nih.gov/42703276/,https://www.ncbi.nlm.nih.gov/pmc/articles/PMC13546423/,https://doi.org/10.1177/23259671261477950,https://www.ncbi.nlm.nih.gov/pmc/articles/PMC13546423/,PMC; DOI,success,,skipped_full_text_max,,
42703275,"""I was so Disconnected"": The Role of Social Bonds in Surviving Childhood Maltreatment.","Childhood maltreatment literature predicts that victims of childhood trauma are at greater risk of engaging in antisocial behavior throughout adolescence and adulthood. However, some survivors refrain from antisocial behavior and develop into resilient, productive members of society. Based on interviews with 24 voluntary participants aged 26 to 70 years (M = 43.3 years, SD = 11.3 years), we explore the turning points throughout the life course to understand how social bonds were broken and rebuilt to prevent antisocial behavior. The findings suggest that protective factors to social bonds established earlier in the life course increased the likelihood that survivors of childhood maltreatment refrained from participation in antisocial behaviors through adulthood. Participants' attachments to external emotional supports, commitment to their future and personal goals, involvement in prosocial activities, and belief systems were all described to be deeply impactful on inhibiting participation in antisocial behavior. Furthermore, the protective factors of social bonds naturally intersect with one another, and can have an amplifying and compounding influence on each other. These protective factors highlighted the intersectionality of social bonds as they promote resilience in survivors of childhood maltreatment.",2026-03-25,article_date,Journal of child & adolescent trauma,Journal Article,https://pubmed.ncbi.nlm.nih.gov/42703275/,https://www.ncbi.nlm.nih.gov/pmc/articles/PMC13546268/,https://doi.org/10.1007/s40653-026-00855-w,https://www.ncbi.nlm.nih.gov/pmc/articles/PMC13546268/,PMC; DOI,success,,skipped_full_text_max,,
42703273,Associations of Adverse Childhood Experiences and Three Latent Multidimensional Health Patterns among Older Adults in China.,"UNLABELLED: From the perspective of healthy aging, assessing the multidimensional health status of older adults is crucial for identifying their specific health service needs, appropriate intervention strategies, and tailored health policies. This study aimed to examine the impact of adverse childhood experiences (ACEs) on multidimensional health patterns among older adults in China. Data were derived from the China Health and Retirement Longitudinal Study (CHARLS) 2020 survey. A total of 2,454 older adults (aged ≥ 60 years) were included as the analysis sample. Multidimensional health was assessed using measures of Activities of Daily Living (ADLs), Instrumental Activities of Daily Living (IADLs), chronic diseases, depressive symptoms, cognitive function, self-rated health, and social participation. Latent class analysis (LCA) was employed to analyze the potential classification of multidimensional health. LCA revealed three distinct multidimensional health classes: poor physical and depressive symptoms type (Class 1), isolated type (Class 2), and cognitive impairment and isolated type (Class 3). Individuals experiencing 2, 3, or ≥ 4 ACEs showed higher odds of belonging to Class 1 compared to Class 2, with the strongest association observed for ≥ 4 ACEs. Subgroup analyses showed the association between ≥ 4 ACEs and Class 1 was stronger in urban residents compared to those living in rural areas. For gender differences, females showed stronger associations between ≥ 4 ACEs and Class 1, while males showed significant associations with Class 3 but females did not. ACEs have a significant impact on multidimensional health in later life among Chinese older adults. The results provide empirical evidence to inform early-life interventions and personalized health promotion strategies for older adults, with effective health communication serving as a critical pathway for translating these findings into practice.
SUPPLEMENTARY INFORMATION: The online version contains supplementary material available at https://doi.org/10.1007/s40653-026-00823-4.",2026-01-21,article_date,Journal of child & adolescent trauma,Journal Article,https://pubmed.ncbi.nlm.nih.gov/42703273/,https://www.ncbi.nlm.nih.gov/pmc/articles/PMC13546271/,https://doi.org/10.1007/s40653-026-00823-4,https://www.ncbi.nlm.nih.gov/pmc/articles/PMC13546271/,PMC; DOI,success,,skipped_full_text_max,,
42703269,Adverse Childhood Experiences and One-year Outcomes of Child and Adolescent Psychiatric Inpatient Treatment in Japan.,"Adverse childhood experiences (ACEs) are highly prevalent among youth requiring psychiatric hospitalization and are associated with complex clinical presentations. However, evidence regarding how cumulative ACE burden influences inpatient treatment processes and post-discharge outcomes remains limited, particularly in non-Western settings. This retrospective cohort study included 76 consecutive children and adolescents discharged from a psychiatric inpatient unit in Japan. ACE exposure was retrospectively assessed at discharge using clinician-integrated multidisciplinary evaluations based on the original 10-item ACE framework. Global functioning was measured using the Children's Global Assessment Scale (CGAS) at admission, discharge, and at 6 and 12 months post-discharge. Multivariable regression and linear mixed-effects models were used to examine associations between ACE burden and length of stay, use of seclusion and physical restraint, longitudinal CGAS trajectories, treatment discontinuation, and re-hospitalization, after adjusting for sex, neurodevelopmental disorder status, and age at admission. Higher ACE scores were independently associated with longer hospital stays and greater odds of seclusion and physical restraint use. CGAS scores improved substantially from admission to discharge and remained above baseline at 6 and 12 months. In the primary analysis, ACE burden was not significantly associated with longitudinal CGAS scores. ACE burden was also not significantly associated with treatment discontinuation or re-hospitalization within 12 months. Cumulative ACE burden is associated with greater inpatient clinical complexity but was not significantly related to short-term functional trajectories or post-discharge outcomes in this study. These findings highlight the importance of trauma-informed inpatient care and continued post-discharge support for youth exposed to adversity.",2026-04-22,article_date,Journal of child & adolescent trauma,Journal Article,https://pubmed.ncbi.nlm.nih.gov/42703269/,https://www.ncbi.nlm.nih.gov/pmc/articles/PMC13546278/,https://doi.org/10.1007/s40653-026-00887-2,https://www.ncbi.nlm.nih.gov/pmc/articles/PMC13546278/,PMC; DOI,success,,skipped_full_text_max,,
42703267,Maltreatment-Exposure Screening and Adolescent Mental Health: An Evidence-Based Medicine Perspective on Accuracy and Fairness.,"UNLABELLED: Universal trauma-informed screening is increasingly recommended across pediatric settings, yet it remains unclear which forms of adversity most accurately and equitably identify youth at risk for psychopathology. In response, the current study tested whether defining maltreatment by cumulative quality (i.e., number of subtypes) versus cumulative frequency (i.e., number of experiences regardless of subtypes), as well as potential differences within each subtype, yielded more accurate and fair predictions of trauma-related psychological distress. Participants included 839 adolescents from the LONGSCAN study (50.5% identified as female; 55.2% identified as Black) who completed self-reports of maltreatment exposure and psychological distress at ages 12, 16, and 18. Statistical accuracy was assessed via statistical discrimination (area-under-the-curve [AUC]) and calibration (Spiegelhalter's Z; calibration curves), while statistical fairness was evaluated through differences in accuracy across adolescent subgroups (i.e., gender; race/ethnicity). Results across cumulative risk models revealed equivocal results regarding accuracy, while demonstrating important patterns of unfairness. In contrast, analyses by maltreatment subtype identified emotional abuse quality and frequency as both accurate (AUC > 0.64; non-significant Spiegelhalter's Zs; 95% confidence intervals for intercept and slope included 0 and 1, respectively) and statistically fair in identifying concurrent risk for trauma-related distress. Cumulative frequency and emotional abuse frequency also demonstrated accuracy and potential fairness in predicting risk at age 16, whereas no indicators demonstrated clinical utility at age 18. Overall, findings suggest that emotional abuse may be useful in screening for concurrent psychological distress, while adding to the literature questioning the continued reliance on cumulative ACEs scores in clinical and public health contexts.
SUPPLEMENTARY INFORMATION: The online version contains supplementary material available at https://doi.org/10.1007/s40653-025-00767-1.",2025-11-08,article_date,Journal of child & adolescent trauma,Journal Article,https://pubmed.ncbi.nlm.nih.gov/42703267/,https://www.ncbi.nlm.nih.gov/pmc/articles/PMC13546273/,https://doi.org/10.1007/s40653-025-00767-1,https://www.ncbi.nlm.nih.gov/pmc/articles/PMC13546273/,PMC; DOI,success,,skipped_full_text_max,,
42703265,Unpacking the Relationship between Sexual and Gender Minority Adverse Childhood Experiences and Psychological Distress: the Mediating Role of Self-Compassion and Fear of Compassion from others.,"Sexual and gender minority individuals experience higher rates of adverse childhood experiences (ACEs) than heterosexual individuals. Yet, the general ACE framework ignores unique ACEs faced by SGM individuals (i.e., cisheterosexism during childhood). The Sexual and Gender Minority ACE (SGM-ACE; Schnarrs et al., 2022, 2023) framework fills this gap by accounting for ACEs that are unique for SGM individuals resulting from systems of oppression (i.e., cisheterosexism during childhood). However, past studies employing this framework were conducted in the U.S. context, limiting the understanding of the prevalence of SGM-ACEs and their associations with psychological outcomes in other contexts such as Hong Kong where LGBTQ+ policies and laws are still progressing. Furthermore, prior research has rarely explored how SGM-ACEs adversely affect psychological outcomes through impeding capacities for compassion of SGM individuals. Therefore, utilizing data from 736 SGM individuals in Hong Kong, this study addressed these important gaps by exploring the prevalence of SGM-ACEs and examined the association between SGM-ACEs and psychological distress among Hong Kong SGM individuals. Moreover, self-compassion and fear of receiving compassion from others were tested as mediators of the effects of SGM-ACEs on psychological distress. Results show that a large proportion of SGM individuals in Hong Kong have experienced SGM-ACEs (89.3%) and these traumatic childhood experiences were significantly linked to higher psychological distress in adulthood. Both self-compassion and fear of compassion from others significantly mediated this relationship. This study demonstrates the significance of considering ACEs specifically related to SGM identities. Findings offer critical insights into practice, clinical treatment, psychoeducation, and policies.",2026-04-24,article_date,Journal of child & adolescent trauma,Journal Article,https://pubmed.ncbi.nlm.nih.gov/42703265/,https://www.ncbi.nlm.nih.gov/pmc/articles/PMC13546398/,https://doi.org/10.1007/s40653-026-00879-2,https://www.ncbi.nlm.nih.gov/pmc/articles/PMC13546398/,PMC; DOI,success,,skipped_full_text_max,,
42703260,Factors Associated With Return to Sport at Minimum 10-Year Follow-up in Athletes With Borderline Hip Dysplasia Undergoing Hip Arthroscopy With Capsular Plication.,"BACKGROUND: Literature on long-term return-to-sport (RTS) rates in athletes with borderline hip dysplasia (BHD) is limited.
PURPOSE: To examine patient outcomes and RTS rates in athletes with BHD who underwent primary hip arthroscopy with capsular plication at a minimum 10-year follow-up.
STUDY DESIGN: Cohort study; Level of evidence, 3.
METHODS: Data were retrospectively reviewed for all patients with BHD (lateral center-edge angle 18°-25°) who underwent primary hip arthroscopy with labral treatment and capsular plication between September 2008 and May 2014. Athletes in the BHD group were propensity matched 1:1 to a control group of patients with normal acetabular coverage based on age, sex, body mass index, follow-up time, Tönnis grade, and preoperative sport competition level. Patient-reported outcome scores (modified Harris Hip Score, Non-Arthritic Hip Score, 12-item International Hip Outcome Tool, Hip Outcome Score Sports Specific Subscale, visual analog scale for pain, and satisfaction), RTS, and continuation-of-sport rates were also analyzed.
RESULTS: There were 50 patients (53 hips) in the BHD group and 53 patients (53 hips) in the control group. Both groups demonstrated similar increases in all PROs from preoperative to 10-year follow-up and favorable RTS rates. A total of 46 patients in the BHD group attempted to RTS and 40 (87.0%) were successful while 48 patients in the control group attempted to RTS and 41 (85.4%) were successful at the short to midterm. Of the patients who successfully returned to sport, 28 from the BHD cohort (70.0%) and 30 (73.2%) from the control cohort attempted to continue playing their respective sport 10 years postoperatively. Of these, 23 patients (82.1%) from the BHD cohort and 25 patients (83.3%) from the control cohort successfully continued their sport at a minimum of 10 years postoperatively. Over the course of 10 years of follow-up, 8 patients (16%) out of 50 in the BHD group at some point discontinued their sport, not due to their hip, but because of lifestyle changes or loss of interest.
CONCLUSION: Athletes with BHD who underwent primary hip arthroscopy with capsular plication and labral treatment demonstrated a high rate of RTS at short-term follow-up, high rate of continuation of sport at long-term follow-up, and favorable long-term results. Loss of interest or lifestyle transitions had a greater impact on continuation of sport at long-term follow-up than persistent symptoms related to the hip.",2026-09-03,article_date,Orthopaedic journal of sports medicine,Journal Article,https://pubmed.ncbi.nlm.nih.gov/42703260/,https://www.ncbi.nlm.nih.gov/pmc/articles/PMC13546428/,https://doi.org/10.1177/23259671261451218,https://www.ncbi.nlm.nih.gov/pmc/articles/PMC13546428/,PMC; DOI,success,,skipped_full_text_max,,
42703254,No Added Benefit of Nonsteroidal Anti-Inflammatory Drug Prophylaxis Beyond 15 Days for Heterotopic Ossification After Hip Arthroscopy.,"BACKGROUND: Heterotopic ossification (HO) is a well-known postoperative complication of hip arthroscopy that can lead to pain, limited range of motion, and, in advanced cases, the need for revision surgery. Nonsteroidal anti-inflammatory drugs (NSAIDs), including diclofenac and indomethacin, are widely used for HO prophylaxis. However, there is no consensus on the optimal agent, dosage, and duration of administration.
HYPOTHESIS/PURPOSE: This study aims to compare the efficacy of diclofenac and indomethacin administered for different durations in preventing HO after hip arthroscopy and to evaluate the impact of varying treatment regimens on postoperative clinical outcomes. It was hypothesized that both diclofenac and indomethacin would effectively prevent HO, with no significant difference in HO incidence between them or with prolonged treatment.
STUDY DESIGN: Cohort study; Level of evidence, 3.
METHODS: A retrospective, multicenter study included 1084 patients who underwent hip arthroscopy for femoroacetabular impingement (FAI) between January 2017 and December 2024. Patients were categorized according to the prophylaxis protocol administered: diclofenac 75 mg for 15 days or indomethacin 75 mg for 15, 30, or 45 days daily. The presence and grade of HO were evaluated according to the Brooker classification. Functional outcomes were assessed pre- and 3, 6, 9, and 12 months postoperatively using the visual analog scale for pain (VAS-Pain) and the Hip Outcome Score-Activities of Daily Living (HOS-ADL).
RESULTS: No significant difference in HO development was observed among the study groups (P = .061), with an overall grade 0 rate of 97.7%. The 45-day indomethacin regimen provided superior postoperative pain control with the mean postoperative VAS-Pain score of 0.5 ± 0.4. In contrast, the 15-day diclofenac and indomethacin regimens achieved the greatest improvement, with mean differences in VAS-Pain scores of 5.4 ± 1.6 and 6.8 ± 0.7, respectively. However, the highest postoperative HOS-ADL score was observed in the 15-day indomethacin group (90.4 ± 2.2), whereas the greatest improvement in HOS-ADL was observed in the 30-day group (47.1 ± 3.9), followed by the diclofenac regimen (47 ± 3.8).
CONCLUSION: The incidence and severity of HO did not differ significantly among diclofenac and indomethacin prophylaxis regimens after hip arthroscopy. Prolonging indomethacin prophylaxis beyond 15 days was not associated with a lower rate of HO. These findings suggest that longer NSAID prophylaxis protocols may not provide additional benefit for HO prevention compared with shorter regimens.",2026-09-03,article_date,Orthopaedic journal of sports medicine,Journal Article,https://pubmed.ncbi.nlm.nih.gov/42703254/,https://www.ncbi.nlm.nih.gov/pmc/articles/PMC13546430/,https://doi.org/10.1177/23259671261478430,https://www.ncbi.nlm.nih.gov/pmc/articles/PMC13546430/,PMC; DOI,success,,skipped_full_text_max,,
42703252,"Corrigendum to ""Comparison of Arthroscopic Single-row and Double-row Repair for Rotator Cuff Injuries With Different Tear Sizes A Systematic Review and Meta-analysis"".",[This corrects the article DOI: 10.1177/23259671231180854.].,2026-09-03,article_date,Orthopaedic journal of sports medicine,Published Erratum,https://pubmed.ncbi.nlm.nih.gov/42703252/,https://www.ncbi.nlm.nih.gov/pmc/articles/PMC13546422/,https://doi.org/10.1177/23259671261487208,https://www.ncbi.nlm.nih.gov/pmc/articles/PMC13546422/,PMC; DOI,success,,skipped_full_text_max,,
42703247,Childhood Maltreatment and Psychological Distress Among Adolescents and Young Adults Living with HIV in Zimbabwe.,"Childhood maltreatment is one of the global public health crises that contributes to increased risk of developing mental health problems for young people living with HIV in resource-constrained settings. This study examines the association between childhood maltreatment and psychological distress among adolescents and young adults living with HIV (AYALWHIV) in Zimbabwe. This national cross-sectional survey used data from the 2017 Zimbabwe Violence Against Children Survey (N = 249 AYALWHIV). Four logistic regression models were performed to determine significant associations between childhood maltreatment and psychological distress as measured by Kessler 6 scale during the past 30 days. The findings indicated that AYALWHIV who experienced cumulative childhood maltreatment (58.8%; AOR = 3.43 [CI = 1.83-6.41]), including emotional abuse (69.7%; AOR = 3.43, CI = 1.83-6.41) and sexual abuse (58.8%; AOR = 2.97 CI = 1.05-8.41) were associated with higher odds of reporting moderate-to-severe psychological distress during the past 30 days after adjusting for other factors. Therefore, this study underscores the need for comprehensive interventions that prioritize tailored anti-stigma education, HIV prevention support groups, community violence prevention strategies, expanded access to mental health counseling services, and promotion of acceptance and empathetic environments for AYALWHIV in resource-constrained settings. Furthermore, integrating mental health and violence prevention services into HIV care through targeted policy initiatives is critical for building coordinated and sustainable support systems in communities where AYALWHIV lives in Zimbabwe.",2026-04-07,article_date,Journal of child & adolescent trauma,Journal Article,https://pubmed.ncbi.nlm.nih.gov/42703247/,https://www.ncbi.nlm.nih.gov/pmc/articles/PMC13546178/,https://doi.org/10.1007/s40653-026-00861-y,https://www.ncbi.nlm.nih.gov/pmc/articles/PMC13546178/,PMC; DOI,success,,skipped_full_text_max,,
42703245,Lived Experiences of Palestinian Children Navigating Daily Life Under Curfews and Checkpoint Delays: A Qualitative Study.,"Palestinian children in the occupied Palestinian territory, specifically the West Bank, face unique challenges navigating daily life under military curfews and checkpoint delays. These experiences can significantly impact their physical, emotional, and social development, yet limited research has explored their lived experiences from their own perspectives. To explore the lived experiences of Palestinian children navigating daily life under curfews and checkpoint delays in the Nablus area, including the Old City, Huwara, and Balata refugee camp. This qualitative descriptive phenomenological study recruited 22 Palestinian children aged 8-17 years from the Nablus area. Data were collected through semi-structured, in-depth interviews and focus group discussions conducted in Arabic. Thematic analysis was employed to identify patterns and themes in the children's experiences. Five major themes emerged: disrupted routines and educational access, including school delays and interrupted learning; psychological and emotional impacts, encompassing fear, anxiety, and trauma responses; social isolation and restricted mobility affecting peer relationships and community engagement; adaptive coping strategies developed by children to navigate restrictions; and resilience and hope showed despite challenging circumstances. Children described feeling trapped, fearful, and frustrated, yet also showed remarkable adaptability and determination to maintain normal childhood activities. Resilience was specifically observed through peer-created safe spaces, cultural identity maintenance, and community solidarity networks. Palestinian children in the Nablus area demonstrate remarkable resilience while facing significant daily challenges due to curfews and checkpoint delays. Their experiences highlight the urgent need for child-centered interventions, trauma-informed care, and advocacy for children's rights in conflict-affected areas. These findings inform healthcare providers, educators, and policymakers about the complex realities faced by Palestinian children.",2026-04-21,article_date,Journal of child & adolescent trauma,Journal Article,https://pubmed.ncbi.nlm.nih.gov/42703245/,https://www.ncbi.nlm.nih.gov/pmc/articles/PMC13546170/,https://doi.org/10.1007/s40653-026-00842-1,https://www.ncbi.nlm.nih.gov/pmc/articles/PMC13546170/,PMC; DOI,success,,skipped_full_text_max,,
42703243,Evolution of Children's Play and Trauma Sequelae in the Context of Psychodynamic Psychotherapy: Two Single-Case Protocols.,"The unpredictability and insecurity inherent in family contexts of neglect and abuse can compromise the development of a child's representational capacities and impair their ability to engage in play activities during psychotherapy sessions. This study seeks to address the lack of empirical data used to document the evolution of play in traumatized children undergoing psychodynamic psychotherapy. To this end, this research aims to describe the evolution of traumatic play in two children within psychodynamic psychotherapy: an 8-year-old girl who has experienced early relational trauma and a boy aged 3 years and 10 months who has experienced episodic physical abuse. Play data (segmentation of activity type, play categories and traumatic play) from these children were obtained from video recordings of the psychotherapy sessions and rated using the Children's Play Therapy Instrument, according to an individual intraparticipant replication protocol. Visual examination of the data revealed trends and changes in the children's play. In particular, both children are able to play during longer segments and make greater use of pretending. As the sessions progress, the children's play also appears more coherent, less easily interrupted and more organized by a narrative. However, the results suggest a slower and more complex evolution of the severity of traumatic play, compared with other features of play. The present study enables us to identify, on an exploratory basis, certain clinical indicators of a favourable evolution in psychotherapy.",2026-03-20,article_date,Journal of child & adolescent trauma,Journal Article,https://pubmed.ncbi.nlm.nih.gov/42703243/,https://www.ncbi.nlm.nih.gov/pmc/articles/PMC13546184/,https://doi.org/10.1007/s40653-026-00856-9,https://www.ncbi.nlm.nih.gov/pmc/articles/PMC13546184/,PMC; DOI,success,,skipped_full_text_max,,
42703242,Social Workers' Perspectives on the Climate of Trauma-Informed and Non-Trauma-Informed Schools.,"This study explored school climate from the perspective of social workers, documenting their perceptions of trauma-informed culture and climate in U.S. schools. Using logistic regression, we analyzed survey data from 538 school social workers to investigate whether their experiences of school climate characteristics associated with trauma-informed approaches-physical and psychological safety; a focus on strengths and equity; and supportive relationships-were associated with their identification of a school as trauma informed. We found that social workers perceived clear climate differences between schools they identified as trauma informed and those they did not. ​Schools that were perceived as safer; with a strengths-based, equitable focus; and providing trusting, empowering, and collaborative relationships were more likely to be identified as trauma informed. These differences do not relate to any specific curriculum or program and are commitments any school could make. With adequate time and influence, school social workers can support and encourage positive shifts in trauma-informed climate as part of their everyday efforts toward building and sustaining positive school climate.",2026-03-17,article_date,Journal of child & adolescent trauma,Journal Article,https://pubmed.ncbi.nlm.nih.gov/42703242/,https://www.ncbi.nlm.nih.gov/pmc/articles/PMC13546239/,https://doi.org/10.1007/s40653-026-00857-8,https://www.ncbi.nlm.nih.gov/pmc/articles/PMC13546239/,PMC; DOI,success,,skipped_full_text_max,,
42703241,Lay Counselor Delivery of Trauma-Focused Cognitive Behavioral Therapy (TF-CBT): A Systematic Review.,"UNLABELLED: Lay counselor delivery of trauma-focused cognitive behavioral therapy (TF-CBT) may be a promising strategy to increase access to trauma-focused care and prevent trauma-related health disparities among youth in low-resource settings in the United States. This pre-registered systematic review sought to synthesize how TF-CBT has been tailored for lay counselor delivery globally, which can inform broader dissemination. Specifically, we examined (1) the modification process, (2) treatment modifications, and (3) implementation strategies (e.g., training and supervision) to support lay counselor delivery of TF-CBT. In May 2024, a literature search was conducted across PsycINFO, PubMed, MEDLINE, and PILOTS. Grey literature was identified through Google Scholar and ProQuest. A narrative synthesis summarized findings by research question. Ten trials (21 articles) met inclusion criteria and described modifications or implementation strategies for lay counselor-delivered TF-CBT. All trials implemented culturally tailored versions of TF-CBT, with most (90%) conducted in low- and middle-income countries. The modification process relied on input from local experts through community-researcher collaborations. TF-CBT modifications were contextual (e.g., modality) or surface-level (e.g., language), with no trials reporting modifications to core components. Implementation strategies included enhancing training and supervision, addressing implementation barriers, and preserving counselor wellbeing. Findings suggest that TF-CBT can be successfully delivered by lay counselors with peripheral modifications, enhanced counselor supports, and strong community partnerships. This review provides a foundation for future research aimed at disseminating lay counselor-delivered TF-CBT in low-resource settings - a critical direction to close the mental health treatment gap and promote health equity in the United States and globally.
SUPPLEMENTARY INFORMATION: The online version contains supplementary material available at https://doi.org/10.1007/s40653-026-00852-z.",2026-03-26,article_date,Journal of child & adolescent trauma,Journal Article,https://pubmed.ncbi.nlm.nih.gov/42703241/,https://www.ncbi.nlm.nih.gov/pmc/articles/PMC13546183/,https://doi.org/10.1007/s40653-026-00852-z,https://www.ncbi.nlm.nih.gov/pmc/articles/PMC13546183/,PMC; DOI,success,,skipped_full_text_max,,
42703240,Anxiety and Depression Among College Students in Taiwan: Testing the Betrayal Trauma Theory on Their Co-occurrence.,"Anxiety and depression among college students is a global mental health concern. Childhood trauma has been identified as an etiological factor that may contribute to their co-occurrence, but how the nature of childhood trauma could lead to different mental health outcomes remains unknown. This study aimed to examine the co-occurrence of probable anxiety and depression in a non-Western sample and whether childhood betrayal trauma (CBT) would be more associated with their co-occurrence. The sample consists of college students (N = 766) in a Taiwan survey project. Participants completed validated screening measures for childhood trauma, anxiety, and depression. Logistic regression analyses were then used to analyze the data. After controlling for demographic variables, the binary logistic regression model was statistically significant, χ2 (6, N = 766) = 97.51, p < .001. Childhood non-betrayal trauma was first found to be associated with the co-occurrence of anxiety and depression, with each unit increase associated with 40.8% increase in its odds. Moreover, each unit increase in CBT was associated with 108.0% increase in the odds of co-occurring anxiety and depression. This study hence provides evidence that CBT was associated with a higher risk of developing anxiety and depression. More proactive screening for anxiety and depression is recommended in the field of mental healthcare and child protection, especially for those with childhood trauma. Further studies are needed to examine the causal relationship between CBT and psychiatric comorbidity.",2026-01-12,article_date,Journal of child & adolescent trauma,Journal Article,https://pubmed.ncbi.nlm.nih.gov/42703240/,https://www.ncbi.nlm.nih.gov/pmc/articles/PMC13546250/,https://doi.org/10.1007/s40653-025-00816-9,https://www.ncbi.nlm.nih.gov/pmc/articles/PMC13546250/,PMC; DOI,success,,skipped_full_text_max,,
42703239,Analysing Staff Perspectives on Parent/Carer Partnerships in an English Trauma Informed School.,"UNLABELLED: This study analyses staff perspectives on parent/carer partnerships in a trauma informed primary school in Northwest England. The research draws from broader research on trauma informed practices in education but focuses specifically on one emergent theme: Parent/Carer Partnerships. Drawing on semi-structured interviews with staff at a school characterised by high levels of deprivation, complex needs and a strong and embedded trauma informed ethos, the study analyses how partnerships with parents/carers are created and sustained. The study's findings are discussed in relation to existing literature on trauma informed practice in education and concludes that staff adopt holistic, culturally aware and emotionally attuned approaches that position parents/carers as paramount in supporting children's learning and development. However, these efforts are often constrained by systemic pressures such as educational bureaucracy and performativity pressures. The study argues for deeper, contextually informed engagement with families as key to effective trauma informed practice in education, where sustained investment in staff training and support enables and advocates for traditional, deficit-based assumptions towards vulnerable children and their families to be challenged. The study contributes to a growing evidence base on the central role of schools in supporting vulnerable families through inclusive, restorative and relational practices, key aspects of practice that is trauma informed.
SUPPLEMENTARY INFORMATION: The online version contains supplementary material available at https://doi.org/10.1007/s40653-026-00849-8.",2026-04-01,article_date,Journal of child & adolescent trauma,Journal Article,https://pubmed.ncbi.nlm.nih.gov/42703239/,https://www.ncbi.nlm.nih.gov/pmc/articles/PMC13546194/,https://doi.org/10.1007/s40653-026-00849-8,https://www.ncbi.nlm.nih.gov/pmc/articles/PMC13546194/,PMC; DOI,success,,skipped_full_text_max,,
42703238,Emotional Abuse in Childhood and Social Anxiety Symptoms in Adulthood: Examining the Role of Self-Compassion.,"BACKGROUND: Childhood emotional abuse has been consistently linked to internalizing difficulties, including social anxiety; however, findings regarding its relative contribution compared to other forms of maltreatment have been mixed. Moreover, little is known about the psychological processes that may account for this association.
OBJECTIVE: The present study aimed (a) to re-examine the association between childhood emotional abuse and adult social anxiety while accounting for co-occurring forms of maltreatment, and (b) to explore whether self-compassion is indirectly associated with this relationship.
PARTICIPANTS: A total of 143 adults aged 18-46 years (M = 23.26, SD = 2.90; 79.0% female) completed self-report online measures assessing childhood maltreatment, self-compassion, and social anxiety symptoms.
RESULTS: Hierarchical multiple regression was used to examine the relative contribution of emotional abuse to social anxiety after controlling for other maltreatment types. Indirect effects were tested using PROCESS Model 4. Emotional abuse emerged as the strongest predictor of social anxiety symptoms, accounting for unique variance beyond other forms of childhood maltreatment (β = .32, p < .001). Lower self-compassion was statistically associated with both greater emotional abuse exposure and higher social anxiety, yielding a significant indirect effect (indirect effect = .12, SE = .05, 95% CI [.04, .25]).
CONCLUSIONS: Findings highlight the salience of childhood emotional abuse potentially reflecting chronic interpersonal invalidation in relation to adult social anxiety. Results suggest that self-compassion may represent a clinically relevant target for interventions aimed at individuals with histories of emotional abuse.",2026-04-06,article_date,Journal of child & adolescent trauma,Journal Article,https://pubmed.ncbi.nlm.nih.gov/42703238/,https://www.ncbi.nlm.nih.gov/pmc/articles/PMC13546262/,https://doi.org/10.1007/s40653-026-00870-x,https://www.ncbi.nlm.nih.gov/pmc/articles/PMC13546262/,PMC; DOI,success,,skipped_full_text_max,,
42703237,Self-Efficacy and Attachment Styles Mediate the Impact of Early Life Trauma on Negative Emotional States in Adults Living in Portugal.,"UNLABELLED: While early life trauma (ELT) is known to contribute to poor physical and psychological health in adulthood, not all individuals exposed to ELT develop mental illness. This suggests the presence of potential mediating factors that influence this relationship. This study examines the mediating effects of self-efficacy and attachment styles on the relationship between ELT and negative emotional states (NEs) in a large cohort of people in Portugal. A total of 936 participants completed standardized psychological assessments via an online survey. Structural equation modeling (SEM) and mediation analysis were employed to examine the relationships among ELT, self-efficacy, attachment styles, and NEs. The findings indicated a strong correlation between ELT and diminished self-efficacy, as well as elevated levels of anxious and avoidant attachment patterns. These factors mediated the link between ELT and adverse emotional states. The results underscore the significant function of self-efficacy and attachment patterns as primary mediators in the emotional outcomes of ELT. Addressing these aspects via trauma-informed therapies may alleviate the psychological cost of ELT. Future longitudinal research are necessary to establish causal relationships and further examine these pathways.
SUPPLEMENTARY INFORMATION: The online version contains supplementary material available at https://doi.org/10.1007/s40653-025-00812-z.",2026-01-08,article_date,Journal of child & adolescent trauma,Journal Article,https://pubmed.ncbi.nlm.nih.gov/42703237/,https://www.ncbi.nlm.nih.gov/pmc/articles/PMC13546191/,https://doi.org/10.1007/s40653-025-00812-z,https://www.ncbi.nlm.nih.gov/pmc/articles/PMC13546191/,PMC; DOI,success,,skipped_full_text_max,,
42703236,Prevalence of Adverse Childhood Experiences and Suicidal Ideation Among Bhutanese Adolescents.,"Adverse Childhood Experiences (ACEs) refer to stressful or potentially traumatic events witnessed or experienced by children during their childhood. This cross-sectional exploratory survey among Bhutanese adolescents (students aged 13-21 years) aimed to estimate ACEs prevalence and build Random Forest (RF) and Multiple Logistic Regression (MLR) models to identify specific ACEs influencing Bhutanese adolescents' suicidal ideation (SI). The study employed the Adverse Childhood Experiences International Questionnaire (ACE-IQ), excluding items related to war and collective violence. A total of 751 adolescents (42.7% male, 57.3% female, mean age = 15.6) were selected through a stratified two-stage sampling method. The findings revealed that ACEs were more prevalent among adolescents from Bhutan`s Western region, male adolescents, and those aged 16-18 years. The prevalence of SI in the sampled population was 11.1%. Classification RF analysis, Variable Selection using Random Forest (VSURF) technique, and MLR analysis identified bullying victimisation and sexual abuse (SA) as the ACEs most significantly associated with adolescents` SI. These findings emphasise the critical need for targeted, evidence-based interventions to mitigate the effects of such ACEs. Currently, efforts to prevent and address such ACEs are under way but require strengthening to ensure their effectiveness. This study provides actionable recommendations for prevention and management of such ACEs, drawing on insights from Western countries. Recommendations for future research include examining ancillary factors contributing to regional variations in ACE prevalence and examining the ancillary factors linking bullying, SA, and SI. Such research will be important in guiding policy and intervention strategies to protect the mental health of Bhutanese adolescents.",2026-03-07,article_date,Journal of child & adolescent trauma,Journal Article,https://pubmed.ncbi.nlm.nih.gov/42703236/,https://www.ncbi.nlm.nih.gov/pmc/articles/PMC13546254/,https://doi.org/10.1007/s40653-026-00821-6,https://www.ncbi.nlm.nih.gov/pmc/articles/PMC13546254/,PMC; DOI,success,,skipped_full_text_max,,
42703235,Is this the Real Life? Is this just Fantasy? Croatian Adolescents' Health in Times when Earthquakes Hit in the Midst of the COVID-19 Pandemic.,"In 2020, Central Croatia was hit by three severe earthquakes which deepened the crisis that had already been induced by the COVID-19 pandemic. We examined whether adolescents' COVID-19- and earthquake-related distress were associated with their physical and internalizing mental health symptoms, and whether parenting behaviors of their mothers and fathers moderated these associations. The sample included 362 three-informant families. Adolescents (M age = 15.14, 55.2% girls) self-reported their COVID-19- and earthquake-related distress, as well as physical and internalizing symptoms. Mothers and fathers self-reported positive and negative parenting behaviors. The results revealed that mothers' and, to a lesser degree, fathers' parenting moderated distress-health associations. Specifically, adolescents' disaster-related distress was associated with more symptoms only when paired with high negative and low positive parenting. Our findings suggest that interventions aimed at protecting adolescents' health in times of disasters should target not only adolescents' symptoms, but also parenting behaviors of their mothers and fathers.",2026-04-22,article_date,Journal of child & adolescent trauma,Journal Article,https://pubmed.ncbi.nlm.nih.gov/42703235/,https://www.ncbi.nlm.nih.gov/pmc/articles/PMC13546181/,https://doi.org/10.1007/s40653-026-00889-0,https://www.ncbi.nlm.nih.gov/pmc/articles/PMC13546181/,PMC; DOI,success,,skipped_full_text_max,,
42703234,Forms of Trauma and Youth Social-Emotional Problems: Examining Indirect Effects of Perceived Social Support.,"Adolescents who experience some type of trauma may have different perceptions of social support, which could affect their ability to cope through the traumatic experience. The current study aims to understand the relationship between different types of trauma and social support; as well as, the indirect effect social support between the relationship of types of trauma and social-emotional problems. Two hundred and sixty-nine high school students participated in this study from a high school in the southeast region of the United States (45.4% males, 47.6% females, 2.2% transgender, 2.2% gender nonconforming, 2.6% other). Data were analyzed using path analysis. Results found that only experiencing interpersonal trauma was significant and negatively associated to parent, close friend, and classmate support. Experiencing non-interpersonal trauma was only significant and negatively associated with parent support. Indirect effects were found in the relationship between both parent support and interpersonal and non-interpersonal trauma when social-emotional problems were added into the model. There were no significant indirect effects for classmate or close friend support between interpersonal trauma and social-emotional problems. With these negative perceptions of social support, it is important for schools to consider providing social-emotional curriculum and restorative practices, particularly for students who have experienced interpersonal trauma, that could potentially increase perceptions of social support and trust among peers and teachers. Additionally, interventions including families, such as psychoeducation for caregivers, trauma-informed therapy with caregiver sessions, and/or family therapy, may be important to improve adolescent perceptions of parent support and reduce risk of social-emotional difficulties.",2026-03-26,article_date,Journal of child & adolescent trauma,Journal Article,https://pubmed.ncbi.nlm.nih.gov/42703234/,https://www.ncbi.nlm.nih.gov/pmc/articles/PMC13546243/,https://doi.org/10.1007/s40653-026-00864-9,https://www.ncbi.nlm.nih.gov/pmc/articles/PMC13546243/,PMC; DOI,success,,skipped_full_text_max,,
42703233,Chronically Traumatized Children's Ability and Willingness to Engage in Trauma Therapy: Experiences with The Sleeping Dogs Method.,"Engaging chronically traumatized children in treatment is often challenging, as they frequently have a history of failed interventions and significant behavioral issues. The Sleeping Dogs method, a specialized approach for preparing these children for trauma treatment, focuses on stabilizing and building their intrinsic motivation to engage in treatment. The aim of the present study was to examine the Sleeping Dogs method by interviewing 16 children and their practitioners about helpful factors in fostering willingness to discuss traumatic experiences and engaging in trauma treatment. Results suggest that the Sleeping Dogs method is effective in helping children to become both willing and able to talk about their traumatic experiences and engage in trauma treatment. Children and practitioners especially valued the Sleeping Dogs method's proactive and motivational approach with its focus on autonomy and the vital role of supportive adults in the child's environment. Future studies should examine implementation processes, adherence factors, and the method's efficacy across various child profiles.",2026-04-18,article_date,Journal of child & adolescent trauma,Journal Article,https://pubmed.ncbi.nlm.nih.gov/42703233/,https://www.ncbi.nlm.nih.gov/pmc/articles/PMC13546175/,https://doi.org/10.1007/s40653-026-00872-9,https://www.ncbi.nlm.nih.gov/pmc/articles/PMC13546175/,PMC; DOI,success,,skipped_full_text_max,,
42703231,"Associations among Childhood Trauma, Alexithymia, and Empathy: A Bayesian Network Analysis.","UNLABELLED: Traumatic events in childhood can have a significant negative impact on a child's development and adolescent behaviour. Recent years have witnessed the emergence of evidence on positive post-traumatic growth, especially an increase in empathy and prosocial behaviour. But the relationship between factors of childhood trauma and empathy remains ambiguous. Applying The Childhood Trauma Questionnaire, The Toronto Alexithymia Scale, The Questionnaire of Cognitive and Affective Empathy and The Empathy Quotient to measure, this study investigated the relationships amongst childhood trauma, alexithymia, and empathy in a sample of 1004 Chinese adults (female: 487, males: 517). Undirected network and Bayesian network were illustrated and tested. The results of network analysis showed that childhood trauma was negatively correlated with cognitive empathy, but not with emotional empathy. At the same time, Bayesian network suggested the most predictive effect of alexithymia in the whole network. Traumatic childhood experiences may have a negative impact on an individual's ability to identify and express self-emotions, thereby empathize. In the quest to improve empathic abilities among individuals suffered from childhood trauma, alexithymia might serve as a promising target for intervention.
SUPPLEMENTARY INFORMATION: The online version contains supplementary material available at https://doi.org/10.1007/s40653-026-00837-y.",2026-02-28,article_date,Journal of child & adolescent trauma,Journal Article,https://pubmed.ncbi.nlm.nih.gov/42703231/,https://www.ncbi.nlm.nih.gov/pmc/articles/PMC13546217/,https://doi.org/10.1007/s40653-026-00837-y,https://www.ncbi.nlm.nih.gov/pmc/articles/PMC13546217/,PMC; DOI,success,,skipped_full_text_max,,
42703229,Culturally Responsive Mindfulness for Trauma Recovery in Foster Youth.,"Foster youth often experience complex trauma, instability, and systematic inequities that contribute to long-term mental health challenges. This conceptual review synthesizes evidence from randomized controlled trials, systematic reviews, and applied practice to examine how Mindfulness-Based Interventions (MBIs) can support trauma recovery among foster youth. Drawing from recent Randomized Controlled Trials (RCTs) and applied practice, this conceptual review synthesizes evidence showing that MBIs reduce Post-Traumatic Stress Disorder (PTSD) symptoms, improve emotional regulation, and strengthen relational trust. The paper highlights the need for culturally responsive adaptations that align mindfulness practices with the lived experiences and values of racially and ethnically diverse foster youth. Evidence from school-based, digital, and community programs demonstrates that integrating mindfulness into child welfare and educational systems can promote self-awareness, empowerment, and psychological well-being. Attention is given to long-term outcomes, including the potential for sustained improvements in self-concept, coping, and relational functioning. The article concludes with implementation strategies and policy directions to embed trauma-informed, culturally grounded MBIs within foster care settings. By investing in training, community engagement, and longitudinal research, stakeholders can strengthen resilience and promote healing for youth with histories of trauma.",2026-02-28,article_date,Journal of child & adolescent trauma,Journal Article,https://pubmed.ncbi.nlm.nih.gov/42703229/,https://www.ncbi.nlm.nih.gov/pmc/articles/PMC13546207/,https://doi.org/10.1007/s40653-026-00840-3,https://www.ncbi.nlm.nih.gov/pmc/articles/PMC13546207/,PMC; DOI,success,,skipped_full_text_max,,
42703228,"Exploring Sexual Abuse, Adverse Childhood Experiences and Alcohol Use among Asian American Adults.","Childhood sexual abuse is prevalent across various communities of different socio-demographic backgrounds. Although existing literature on adverse childhood experiences and childhood sexual abuse tends to focus on various races across the spectrum, Asian American adults are often underrepresented due to the cultural stigma associated with sexual abuse. The current study aims to investigate childhood sexual abuse, adverse childhood experiences, and alcohol use among Asian American adults belonging to different income and education levels. Participants and Setting: The current study used a secondary analysis of the 2021 Behavioral Risk Factor Surveillance System (BRFSS) survey conducted by the CDC. In 2021, BRFSS interviewed 438,693 individuals via phone. Of these, N = 12,546 individuals self-identified as Asians for the ""preferred race."" The descriptives suggest that of the N = 12,546 Asian American adults (5.9%, n = 738) reported experiencing sexual abuse, and (94.1%, n = 11,808) either refused to answer the question or did not know the answer. Furthermore, linear and bivariate regression analyses were conducted to understand the relationship between variables. The evidence of significant associations between CSA, ACEs, and any recent alcohol use is consistent with the idea that cultural stigma, family norms, gendered expectations, and individual coping strategies may influence both the occurrence and reporting of CSA. Understanding and addressing these factors are essential for promoting the overall health and well-being of Asian American communities.",2026-04-29,article_date,Journal of child & adolescent trauma,Journal Article,https://pubmed.ncbi.nlm.nih.gov/42703228/,https://www.ncbi.nlm.nih.gov/pmc/articles/PMC13546396/,https://doi.org/10.1007/s40653-026-00888-1,https://www.ncbi.nlm.nih.gov/pmc/articles/PMC13546396/,PMC; DOI,success,,skipped_full_text_max,,
42703225,Build your Own Buddy: Feasibility of a Low-threshold Group Intervention for Young Children in South Sudan.,"In areas with a long history of conflict, like South Sudan, children and their parents can suffer from cumulative, ongoing, and intergenerational trauma. This can have serious consequences for their present and future well-being. Still, mental health care - also for children - is not prioritized by schools or NGOs. This paper describes the design and main conclusions of a trauma-informed mental health and psychosocial support intervention. The intervention targeted young children (aged 5 to 7) and their parents/caregivers in four remote and conflict-affected areas in South Sudan. The intervention comprised 12 group sessions for children with parallel sessions for parents that were delivered by lay community counsellors after a short training. It aimed to improve emotion recognition, regulation and communication, through storytelling and experiencing. The theory of change consisted of five theoretical principles: 1) sense of safety, 2) psychoeducation, 3) connectedness, 4) empowerment, and 5) body-mind connection. Feedback gathered during and after three pilot cycles led to new insights and adaptations. Overall, the intervention appeared to be effective and was well received. The theory of change and the feasibility study might inspire those working on MHPSS with young children in adverse circumstances.",2026-04-10,article_date,Journal of child & adolescent trauma,Journal Article,https://pubmed.ncbi.nlm.nih.gov/42703225/,https://www.ncbi.nlm.nih.gov/pmc/articles/PMC13546206/,https://doi.org/10.1007/s40653-026-00843-0,https://www.ncbi.nlm.nih.gov/pmc/articles/PMC13546206/,PMC; DOI,success,,skipped_full_text_max,,
